date,symbol,dps_local,source_currency,dps_krw
2018-08-14,LLY,0.563,USD,639.5510935058593
2018-08-30,EAF,0.85,USD,942.1824584960938
2018-08-30,GLW,0.18,USD,199.5209912109375
2018-09-05,GLNG,0.125,USD,140.16250610351562
2018-09-06,BAC,0.15,USD,167.71499633789062
2018-09-19,STNG,0.1,USD,112.0800048828125
2018-09-24,WFG,0.155,USD,172.6854962158203
2018-09-26,4680.T,3.333333,JPY,32.91933048390484
2018-09-26,6857.T,12.5,JPY,123.44750165939331
2018-09-26,GTT.PA,1.33,EUR,1745.4920324707032
2018-09-27,000150.KS,1434.8691,KRW,1434.8691
2018-09-27,005490.KQ,2000.0,KRW,2000.0
2018-11-02,SXT,0.36,USD,406.458017578125
2018-11-14,LLY,0.563,USD,636.8261927490233
2018-11-15,GLW,0.18,USD,203.6159912109375
2018-11-19,TS,0.26,USD,291.30400634765624
2018-11-29,EAF,0.85,USD,952.9519958496094
2018-12-04,STNG,0.1,USD,110.8300048828125
2018-12-06,BAC,0.15,USD,166.7490051269531
2018-12-06,EAF,7.0,USD,7781.6202392578125
2018-12-13,GLNG,0.15,USD,168.5774963378906
2018-12-24,WFG,0.147,USD,165.74249999999998
2018-12-26,2124.T,16.25,JPY,165.14875173568726
2018-12-27,000150.KS,1434.8691,KRW,1434.8691
2018-12-27,000210.KQ,3831.2966,KRW,3831.2966
2018-12-27,000640.KS,942.5959,KRW,942.5959
2018-12-27,000660.KS,1500.0,KRW,1500.0
2018-12-27,001040.KS,1260.8695,KRW,1260.8695
2018-12-27,001060.KS,283.09637,KRW,283.09637
2018-12-27,001120.KS,250.0,KRW,250.0
2018-12-27,001530.KS,120.25228,KRW,120.25228
2018-12-27,003030.KQ,1800.0,KRW,1800.0
2018-12-27,004020.KS,750.0,KRW,750.0
2018-12-27,004250.KS,95.0,KRW,95.0
2018-12-27,005290.KS,90.0,KRW,90.0
2018-12-27,005380.KS,3000.0,KRW,3000.0
2018-12-27,005490.KQ,5000.0,KRW,5000.0
2018-12-27,005720.KS,75.0,KRW,75.0
2018-12-27,005850.KS,400.0,KRW,400.0
2018-12-27,006060.KS,40.0,KRW,40.0
2018-12-27,006260.KS,1250.0,KRW,1250.0
2018-12-27,006650.KQ,4000.0,KRW,4000.0
2018-12-27,007210.KS,15.0,KRW,15.0
2018-12-27,007660.KS,59.783974,KRW,59.783974
2018-12-27,007690.KS,1124.8726,KRW,1124.8726
2018-12-27,008730.KS,500.0,KRW,500.0
2018-12-27,009830.KS,215.73376,KRW,215.73376
2018-12-27,009970.KQ,800.0,KRW,800.0
2018-12-27,010620.KQ,700.0,KRW,700.0
2018-12-27,010950.KS,150.0,KRW,150.0
2018-12-27,012330.KS,4000.0,KRW,4000.0
2018-12-27,017960.KS,100.0,KRW,100.0
2018-12-27,023160.KS,75.0,KRW,75.0
2018-12-27,029460.KS,220.0,KRW,220.0
2018-12-27,032640.KQ,400.0,KRW,400.0
2018-12-27,035900.KQ,122.0,KRW,122.0
2018-12-27,036570.KQ,6050.0,KRW,6050.0
2018-12-27,036930.KS,100.0,KRW,100.0
2018-12-27,041830.KS,120.0,KRW,120.0
2018-12-27,043650.KS,260.0,KRW,260.0
2018-12-27,047810.KQ,200.0,KRW,200.0
2018-12-27,049720.KQ,220.0,KRW,220.0
2018-12-27,052690.KS,140.0,KRW,140.0
2018-12-27,067160.KQ,470.0,KRW,470.0
2018-12-27,075580.KQ,13.333333,KRW,13.333333
2018-12-27,075580.KS,13.333333,KRW,13.333333
2018-12-27,089600.KQ,530.0,KRW,530.0
2018-12-27,101160.KS,50.0,KRW,50.0
2018-12-27,101490.KS,50.0,KRW,50.0
2018-12-27,103140.KS,600.0,KRW,600.0
2018-12-27,112610.KS,189.36256,KRW,189.36256
2018-12-27,119610.KQ,277.2341,KRW,277.2341
2018-12-27,119850.KS,50.0,KRW,50.0
2018-12-27,131970.KQ,170.0,KRW,170.0
2018-12-27,166090.KS,250.0,KRW,250.0
2018-12-27,189300.KS,92.13815,KRW,92.13815
2018-12-27,192400.KS,600.0,KRW,600.0
2018-12-27,192820.KQ,589.5433,KRW,589.5433
2018-12-27,200710.KS,89.92458,KRW,89.92458
2018-12-27,210980.KQ,779.59937,KRW,779.59937
2018-12-27,214450.KS,300.0,KRW,300.0
2018-12-27,215000.KS,1850.0,KRW,1850.0
2018-12-27,218410.KQ,200.0,KRW,200.0
2018-12-27,234300.KQ,20.0,KRW,20.0
2018-12-27,237690.KS,500.0,KRW,500.0
2018-12-27,271560.KQ,600.0,KRW,600.0
2018-12-27,280360.KS,1300.0,KRW,1300.0
2018-12-27,294870.KQ,437.53564,KRW,437.53564
2018-12-27,298020.KS,1000.0,KRW,1000.0
2018-12-27,306200.KS,1800.0,KRW,1800.0
2019-02-01,SXT,0.36,USD,400.158017578125
2019-02-14,LLY,0.645,USD,724.7993811035157
2019-02-27,950170.KS,65.0,KRW,65.0
2019-02-27,EAF,0.85,USD,947.1550415039062
2019-02-27,GLW,0.2,USD,222.86000976562502
2019-02-28,BAC,0.15,USD,167.2649963378906
2019-03-12,STNG,0.1,USD,113.077001953125
2019-03-13,GLNG,0.15,USD,169.0905029296875
2019-03-15,WFG,0.15,USD,170.31300659179686
2019-03-27,4680.T,3.333333,JPY,34.18666179841519
2019-03-27,4689.T,8.86,JPY,90.86815614700316
2019-03-27,5726.T,5.0,JPY,51.27999782562256
2019-03-27,6857.T,10.5,JPY,107.68799543380737
2019-03-28,000150.KS,1434.8691,KRW,1434.8691
2019-03-28,005490.KQ,2000.0,KRW,2000.0
2019-04-24,LONN.SW,2.75,CHF,3078.0751342773438
2019-04-30,BESI.AS,1.67,EUR,2163.986081542969
2019-05-09,SXT,0.36,USD,421.98837890625
2019-05-15,002340.SZ,0.03,CNY,6.481019897460937
2019-05-16,LLY,0.645,USD,764.9958251953125
2019-05-20,TS,0.56,USD,668.5447753906251
2019-05-27,GTT.PA,1.79,EUR,2375.151043701172
2019-05-30,EAF,0.85,USD,1013.3784667968749
2019-05-30,GLW,0.2,USD,238.4419921875
2019-06-04,STNG,0.1,USD,117.83499755859376
2019-06-06,BAC,0.15,USD,176.81099853515624
2019-06-11,1211.HK,0.077387,HKD,11.663768734466553
2019-06-12,GLNG,0.15,USD,176.6969970703125
2019-06-24,TSM,1.276,USD,1478.003634765625
2019-06-25,WFG,0.152,USD,175.175435546875
2019-06-27,000150.KS,1434.8691,KRW,1434.8691
2019-06-27,005380.KS,1000.0,KRW,1000.0
2019-06-27,005490.KQ,2000.0,KRW,2000.0
2019-06-27,010950.KS,100.0,KRW,100.0
2019-06-27,012330.KS,1000.0,KRW,1000.0
2019-07-04,002714.SZ,0.021008,CNY,4.538442200195313
2019-08-01,SXT,0.36,USD,427.07162109374997
2019-08-14,LLY,0.645,USD,777.0508374023437
2019-08-21,CAMT,0.17,USD,204.89760498046877
2019-08-29,EAF,0.85,USD,1029.6644958496092
2019-08-29,GLW,0.2,USD,242.2739990234375
2019-09-05,BAC,0.18,USD,216.484189453125
2019-09-09,STNG,0.1,USD,119.16199951171876
2019-09-19,TSM,0.322,USD,383.03511572265626
2019-09-25,GTT.PA,1.5,EUR,1972.3500366210938
2019-09-27,000150.KS,1434.8691,KRW,1434.8691
2019-09-27,005490.KQ,2000.0,KRW,2000.0
2019-09-27,4680.T,3.333333,JPY,37.07666344219494
2019-09-27,6857.T,10.25,JPY,114.01075148582458
2019-09-27,WFG,0.151,USD,180.99313073730468
2019-10-03,LEVI,0.15,USD,180.53549194335938
2019-11-01,SXT,0.39,USD,455.73451904296877
2019-11-14,GLW,0.2,USD,233.9719970703125
2019-11-14,LLY,0.645,USD,754.5596905517579
2019-11-18,TS,0.26,USD,302.2057885742188
2019-11-22,STNG,0.1,USD,117.522998046875
2019-11-27,EAF,0.85,USD,996.7099792480468
2019-11-29,SBLK,0.05,USD,58.850500488281256
2019-12-05,BAC,0.18,USD,214.10279296874998
2019-12-19,TSM,0.41,USD,477.3875939941406
2019-12-24,WFG,0.152,USD,176.5586318359375
2019-12-27,000150.KS,1300.0,KRW,1300.0
2019-12-27,000210.KQ,2929.8152,KRW,2929.8152
2019-12-27,000640.KS,942.5959,KRW,942.5959
2019-12-27,000660.KS,1000.0,KRW,1000.0
2019-12-27,001040.KS,1850.0,KRW,1850.0
2019-12-27,001060.KS,291.58926,KRW,291.58926
2019-12-27,001120.KS,300.0,KRW,300.0
2019-12-27,003030.KQ,1500.0,KRW,1500.0
2019-12-27,004020.KS,750.0,KRW,750.0
2019-12-27,004250.KS,100.0,KRW,100.0
2019-12-27,005290.KS,90.0,KRW,90.0
2019-12-27,005380.KS,3000.0,KRW,3000.0
2019-12-27,005490.KQ,4000.0,KRW,4000.0
2019-12-27,005720.KS,80.0,KRW,80.0
2019-12-27,005850.KS,400.0,KRW,400.0
2019-12-27,006060.KS,45.0,KRW,45.0
2019-12-27,006260.KS,1450.0,KRW,1450.0
2019-12-27,006650.KQ,2500.0,KRW,2500.0
2019-12-27,007660.KS,51.243404,KRW,51.243404
2019-12-27,007690.KS,1124.8726,KRW,1124.8726
2019-12-27,008730.KS,500.0,KRW,500.0
2019-12-27,009830.KS,215.73376,KRW,215.73376
2019-12-27,009970.KQ,1000.0,KRW,1000.0
2019-12-27,010620.KQ,350.0,KRW,350.0
2019-12-27,010950.KS,100.0,KRW,100.0
2019-12-27,012330.KS,3000.0,KRW,3000.0
2019-12-27,017960.KS,120.0,KRW,120.0
2019-12-27,023160.KS,100.0,KRW,100.0
2019-12-27,029460.KS,250.0,KRW,250.0
2019-12-27,032640.KQ,400.0,KRW,400.0
2019-12-27,033500.KQ,220.0,KRW,220.0
2019-12-27,035900.KQ,155.0,KRW,155.0
2019-12-27,036570.KQ,5220.0,KRW,5220.0
2019-12-27,036930.KS,70.0,KRW,70.0
2019-12-27,041830.KS,140.0,KRW,140.0
2019-12-27,043650.KS,100.0,KRW,100.0
2019-12-27,047810.KQ,400.0,KRW,400.0
2019-12-27,049720.KQ,250.0,KRW,250.0
2019-12-27,052690.KS,310.0,KRW,310.0
2019-12-27,054210.KQ,100.0,KRW,100.0
2019-12-27,067160.KQ,550.0,KRW,550.0
2019-12-27,075580.KQ,13.333333,KRW,13.333333
2019-12-27,075580.KS,13.333333,KRW,13.333333
2019-12-27,082920.KS,50.0,KRW,50.0
2019-12-27,089600.KQ,660.0,KRW,660.0
2019-12-27,100840.KQ,266.66666,KRW,266.66666
2019-12-27,101160.KS,50.0,KRW,50.0
2019-12-27,101490.KS,50.0,KRW,50.0
2019-12-27,103140.KS,400.0,KRW,400.0
2019-12-27,112610.KS,217.76694,KRW,217.76694
2019-12-27,119610.KQ,277.23404,KRW,277.23404
2019-12-27,119850.KS,50.0,KRW,50.0
2019-12-27,131970.KQ,200.0,KRW,200.0
2019-12-27,148150.KS,83.333336,KRW,83.333336
2019-12-27,166090.KS,200.0,KRW,200.0
2019-12-27,170790.KQ,100.0,KRW,100.0
2019-12-27,189300.KS,92.13815,KRW,92.13815
2019-12-27,192400.KS,600.0,KRW,600.0
2019-12-27,192820.KQ,884.3149,KRW,884.3149
2019-12-27,210980.KQ,779.59937,KRW,779.59937
2019-12-27,2124.T,20.0,JPY,212.0429229736328
2019-12-27,214450.KS,300.0,KRW,300.0
2019-12-27,215000.KS,2050.0,KRW,2050.0
2019-12-27,218410.KQ,200.0,KRW,200.0
2019-12-27,271560.KQ,600.0,KRW,600.0
2019-12-27,280360.KS,1300.0,KRW,1300.0
2019-12-27,285490.KQ,242.0,KRW,242.0
2019-12-27,294870.KQ,437.53564,KRW,437.53564
2019-12-27,298020.KS,2000.0,KRW,2000.0
2019-12-27,306200.KS,2000.0,KRW,2000.0
2019-12-27,316140.KS,700.0,KRW,700.0
2020-02-03,SXT,0.39,USD,465.9992980957031
2020-02-11,LEVI,0.08,USD,94.850400390625
2020-02-13,LLY,0.74,USD,871.69037109375
2020-02-27,950170.KS,35.0,KRW,35.0
2020-02-27,EAF,0.85,USD,1029.655987548828
2020-02-27,GLW,0.22,USD,266.49919677734374
2020-02-28,SBLK,0.05,USD,60.565502929687504
2020-02-28,STNG,0.1,USD,121.13100585937501
2020-03-05,BAC,0.18,USD,213.06240966796875
2020-03-17,WFG,0.143,USD,176.1817255859375
2020-03-19,TSM,0.417,USD,523.480939819336
2020-03-30,005490.KQ,1500.0,KRW,1500.0
2020-03-30,4680.T,3.333333,JPY,37.60367653239727
2020-03-30,4689.T,8.86,JPY,99.95058221817015
2020-03-30,5726.T,5.0,JPY,56.40552043914795
2020-03-30,6857.T,10.25,JPY,115.6313169002533
2020-04-23,LEVI,0.08,USD,98.51040039062501
2020-04-30,LONN.SW,2.75,CHF,3418.4319458007812
2020-05-05,BESI.AS,1.01,EUR,1346.0471704101562
2020-05-07,SXT,0.39,USD,479.12671142578125
2020-05-14,LLY,0.74,USD,907.6470361328124
2020-05-28,EAF,0.1,USD,123.8300048828125
2020-05-28,GLW,0.22,USD,272.4260107421875
2020-05-29,STNG,0.1,USD,123.79799804687501
2020-06-04,002714.SZ,0.231092,CNY,49.923728338134765
2020-06-04,BAC,0.18,USD,218.84759033203125
2020-06-08,GTT.PA,1.75,EUR,2371.179931640625
2020-06-12,002340.SZ,0.03,CNY,6.481019897460937
2020-06-18,TSM,0.42,USD,510.0269897460937
2020-06-26,1211.HK,0.021873,HKD,3.390298979736328
2020-06-29,005490.KQ,500.0,KRW,500.0
2020-06-29,100840.KQ,133.33333,KRW,133.33333
2020-07-06,WFG,0.148,USD,177.378
2020-07-31,SXT,0.39,USD,463.9284228515625
2020-08-13,LLY,0.74,USD,875.235
2020-08-27,GLW,0.22,USD,260.4469946289062
2020-08-28,EAF,0.1,USD,118.65799560546876
2020-09-03,BAC,0.18,USD,213.95700439453125
2020-09-08,STNG,0.1,USD,118.681005859375
2020-09-17,TSM,0.427,USD,500.47386706542966
2020-09-28,005490.KQ,1500.0,KRW,1500.0
2020-09-29,4680.T,3.333333,JPY,36.87471338914776
2020-09-29,6857.T,9.5,JPY,105.09294366836548
2020-09-29,WFG,0.15,USD,174.9615051269531
2020-10-30,SXT,0.39,USD,440.5128076171875
2020-11-03,GTT.PA,2.5,EUR,3294.1751098632812
2020-11-12,GLW,0.22,USD,244.5189892578125
2020-11-12,LLY,0.74,USD,822.4729638671874
2020-11-20,STNG,0.1,USD,111.41400146484375
2020-11-23,TS,0.14,USD,155.93619384765626
2020-11-27,EAF,0.1,USD,110.556005859375
2020-12-01,VRT,0.01,USD,11.08510009765625
2020-12-03,BAC,0.18,USD,197.88840087890625
2020-12-17,TSM,0.442,USD,482.50931079101565
2020-12-24,WFG,0.156,USD,172.3488076171875
2020-12-29,000150.KS,2000.0,KRW,2000.0
2020-12-29,000210.KQ,2929.8152,KRW,2929.8152
2020-12-29,000640.KS,942.5959,KRW,942.5959
2020-12-29,000660.KS,1170.0,KRW,1170.0
2020-12-29,001040.KS,2000.0,KRW,2000.0
2020-12-29,001060.KS,291.58926,KRW,291.58926
2020-12-29,001120.KS,400.0,KRW,400.0
2020-12-29,001530.KS,123.25862,KRW,123.25862
2020-12-29,003030.KQ,1500.0,KRW,1500.0
2020-12-29,004020.KS,500.0,KRW,500.0
2020-12-29,004250.KS,100.0,KRW,100.0
2020-12-29,005290.KS,100.0,KRW,100.0
2020-12-29,005380.KS,3000.0,KRW,3000.0
2020-12-29,005490.KQ,4500.0,KRW,4500.0
2020-12-29,005720.KS,85.0,KRW,85.0
2020-12-29,005850.KS,500.0,KRW,500.0
2020-12-29,006060.KS,188.0,KRW,188.0
2020-12-29,006260.KS,1450.0,KRW,1450.0
2020-12-29,006650.KQ,3000.0,KRW,3000.0
2020-12-29,007210.KS,7.0,KRW,7.0
2020-12-29,007690.KS,899.898,KRW,899.898
2020-12-29,008730.KS,500.0,KRW,500.0
2020-12-29,009970.KQ,1200.0,KRW,1200.0
2020-12-29,012330.KS,4000.0,KRW,4000.0
2020-12-29,012450.KS,657.67773,KRW,657.67773
2020-12-29,015760.KS,1216.0,KRW,1216.0
2020-12-29,016380.KS,100.0,KRW,100.0
2020-12-29,017650.KS,75.0,KRW,75.0
2020-12-29,017960.KS,180.0,KRW,180.0
2020-12-29,023160.KS,50.0,KRW,50.0
2020-12-29,029460.KS,300.0,KRW,300.0
2020-12-29,032640.KQ,450.0,KRW,450.0
2020-12-29,033500.KQ,350.0,KRW,350.0
2020-12-29,035900.KQ,154.0,KRW,154.0
2020-12-29,036570.KQ,8550.0,KRW,8550.0
2020-12-29,041830.KS,140.0,KRW,140.0
2020-12-29,043650.KS,160.0,KRW,160.0
2020-12-29,047810.KQ,200.0,KRW,200.0
2020-12-29,049720.KQ,275.0,KRW,275.0
2020-12-29,052690.KS,282.0,KRW,282.0
2020-12-29,054210.KQ,50.0,KRW,50.0
2020-12-29,067160.KQ,650.0,KRW,650.0
2020-12-29,075580.KQ,150.0,KRW,150.0
2020-12-29,075580.KS,150.0,KRW,150.0
2020-12-29,082920.KS,60.0,KRW,60.0
2020-12-29,089600.KQ,800.0,KRW,800.0
2020-12-29,090460.KS,250.0,KRW,250.0
2020-12-29,098120.KS,25.0,KRW,25.0
2020-12-29,100840.KQ,133.33333,KRW,133.33333
2020-12-29,101160.KS,70.0,KRW,70.0
2020-12-29,101490.KS,80.0,KRW,80.0
2020-12-29,103140.KS,600.0,KRW,600.0
2020-12-29,112610.KS,500.0,KRW,500.0
2020-12-29,119610.KQ,285.5511,KRW,285.5511
2020-12-29,119850.KS,50.0,KRW,50.0
2020-12-29,131970.KQ,130.0,KRW,130.0
2020-12-29,148150.KS,33.333332,KRW,33.333332
2020-12-29,166090.KS,300.0,KRW,300.0
2020-12-29,170790.KQ,150.0,KRW,150.0
2020-12-29,189300.KS,92.13815,KRW,92.13815
2020-12-29,192400.KS,660.0,KRW,660.0
2020-12-29,200710.KS,70.0,KRW,70.0
2020-12-29,210980.KQ,779.59937,KRW,779.59937
2020-12-29,2124.T,20.0,JPY,211.02678298950195
2020-12-29,214450.KS,500.0,KRW,500.0
2020-12-29,215000.KS,2500.0,KRW,2500.0
2020-12-29,218410.KQ,100.0,KRW,100.0
2020-12-29,271560.KQ,750.0,KRW,750.0
2020-12-29,280360.KS,1600.0,KRW,1600.0
2020-12-29,285490.KQ,300.0,KRW,300.0
2020-12-29,294870.KQ,600.0,KRW,600.0
2020-12-29,298020.KS,5000.0,KRW,5000.0
2020-12-29,306200.KS,2500.0,KRW,2500.0
2020-12-29,316140.KS,360.0,KRW,360.0
2020-12-29,322000.KS,200.0,KRW,200.0
2020-12-29,344820.KS,2100.0,KRW,2100.0
2020-12-29,353810.KQ,75.0,KRW,75.0
2021-02-01,SXT,0.39,USD,435.79772094726565
2021-02-09,LEVI,0.04,USD,44.6531982421875
2021-02-11,LLY,0.85,USD,938.3829833984374
2021-02-25,EAF,0.1,USD,110.72099609375
2021-02-25,GLW,0.24,USD,265.730390625
2021-03-01,STNG,0.1,USD,112.33699951171876
2021-03-04,BAC,0.18,USD,203.31
2021-03-17,TSM,0.448,USD,506.1683046875
2021-03-17,WFG,0.161,USD,181.90423449707032
2021-03-30,005490.KQ,3000.0,KRW,3000.0
2021-03-30,4680.T,3.333333,JPY,34.347502134707455
2021-03-30,4689.T,5.56,JPY,57.29163928985595
2021-03-30,6857.T,20.0,JPY,206.08503341674805
2021-04-30,SXT,0.39,USD,431.5857019042969
2021-05-04,BESI.AS,1.7,EUR,2294.3199584960935
2021-05-06,LEVI,0.06,USD,67.43939941406249
2021-05-10,LONN.SW,3.0,CHF,3704.467529296875
2021-05-13,LLY,0.85,USD,961.8599792480469
2021-05-20,STNG,0.1,USD,113.03699951171876
2021-05-24,TS,0.28,USD,315.50121093750005
2021-05-27,EAF,0.1,USD,111.552001953125
2021-05-27,GLW,0.24,USD,267.7248046875
2021-05-27,SBLK,0.3,USD,334.656005859375
2021-06-01,GTT.PA,1.79,EUR,2423.1049951171876
2021-06-03,002714.SZ,1.043571,CNY,225.44681384710694
2021-06-03,BAC,0.18,USD,199.77840087890624
2021-06-10,1211.HK,0.05996,HKD,8.625660823364258
2021-06-17,TSM,0.451,USD,510.50942797851565
2021-06-18,002340.SZ,0.015,CNY,3.2405099487304687
2021-06-18,WFG,0.202,USD,228.97508789062502
2021-06-29,005380.KS,1000.0,KRW,1000.0
2021-06-29,005490.KQ,4000.0,KRW,4000.0
2021-06-29,010950.KS,1000.0,KRW,1000.0
2021-06-29,012330.KS,1000.0,KRW,1000.0
2021-06-29,032640.KQ,200.0,KRW,200.0
2021-06-29,049720.KQ,150.0,KRW,150.0
2021-06-29,100840.KQ,133.33333,KRW,133.33333
2021-06-29,166090.KS,300.0,KRW,300.0
2021-06-29,344820.KS,1000.0,KRW,1000.0
2021-07-29,316140.KS,150.0,KRW,150.0
2021-07-30,LEVI,0.08,USD,91.369599609375
2021-07-30,SXT,0.39,USD,445.42679809570313
2021-08-12,LLY,0.85,USD,979.9224792480469
2021-08-20,SBLK,0.7,USD,822.7730102539062
2021-08-30,EAF,0.1,USD,116.13299560546875
2021-08-30,GLW,0.24,USD,278.719189453125
2021-09-02,BAC,0.21,USD,242.60880615234373
2021-09-08,STNG,0.1,USD,116.10000000000001
2021-09-16,TSM,0.497,USD,579.1143254394531
2021-09-22,WFG,0.195,USD,230.66940856933596
2021-09-29,000640.KS,471.29794,KRW,471.29794
2021-09-29,005490.KQ,5000.0,KRW,5000.0
2021-09-29,4680.T,3.333333,JPY,35.470917651434895
2021-09-29,6857.T,12.5,JPY,133.0159544944763
2021-10-28,LEVI,0.08,USD,93.773603515625
2021-10-29,SXT,0.41,USD,478.62169799804684
2021-11-03,GTT.PA,1.35,EUR,1841.4810791015627
2021-11-10,GLW,0.24,USD,282.59999999999997
2021-11-12,LLY,0.85,USD,1005.6434875488281
2021-11-22,TS,0.26,USD,309.82380126953126
2021-11-29,EAF,0.1,USD,119.46099853515625
2021-11-30,VRT,0.01,USD,11.90739990234375
2021-12-02,BAC,0.21,USD,247.1930969238281
2021-12-02,STNG,0.1,USD,117.71099853515625
2021-12-09,SBLK,1.25,USD,1465.7000732421875
2021-12-16,TSM,0.496,USD,587.462412109375
2021-12-23,WFG,0.2,USD,237.55400390625002
2021-12-29,000150.KS,2000.0,KRW,2000.0
2021-12-29,000210.KQ,1900.0,KRW,1900.0
2021-12-29,000640.KS,942.5959,KRW,942.5959
2021-12-29,000660.KS,1540.0,KRW,1540.0
2021-12-29,001040.KS,2300.0,KRW,2300.0
2021-12-29,001060.KS,309.34705,KRW,309.34705
2021-12-29,001120.KS,2300.0,KRW,2300.0
2021-12-29,001530.KS,172.66475,KRW,172.66475
2021-12-29,003030.KQ,1750.0,KRW,1750.0
2021-12-29,004020.KS,1000.0,KRW,1000.0
2021-12-29,004250.KS,100.0,KRW,100.0
2021-12-29,005290.KS,110.0,KRW,110.0
2021-12-29,005380.KS,4000.0,KRW,4000.0
2021-12-29,005490.KQ,5000.0,KRW,5000.0
2021-12-29,005720.KS,100.0,KRW,100.0
2021-12-29,005850.KS,500.0,KRW,500.0
2021-12-29,006060.KS,188.0,KRW,188.0
2021-12-29,006260.KS,1450.0,KRW,1450.0
2021-12-29,006650.KQ,3500.0,KRW,3500.0
2021-12-29,007210.KS,10.0,KRW,10.0
2021-12-29,007690.KS,2135.9224,KRW,2135.9224
2021-12-29,008730.KS,500.0,KRW,500.0
2021-12-29,009970.KQ,2000.0,KRW,2000.0
2021-12-29,010950.KS,2800.0,KRW,2800.0
2021-12-29,012330.KS,3000.0,KRW,3000.0
2021-12-29,012450.KS,767.29065,KRW,767.29065
2021-12-29,016380.KS,100.0,KRW,100.0
2021-12-29,017650.KS,100.0,KRW,100.0
2021-12-29,017960.KS,150.0,KRW,150.0
2021-12-29,023160.KS,100.0,KRW,100.0
2021-12-29,029460.KS,300.0,KRW,300.0
2021-12-29,032640.KQ,350.0,KRW,350.0
2021-12-29,033500.KQ,350.0,KRW,350.0
2021-12-29,035900.KQ,369.0,KRW,369.0
2021-12-29,036570.KQ,5860.0,KRW,5860.0
2021-12-29,036930.KS,155.0,KRW,155.0
2021-12-29,041830.KS,200.0,KRW,200.0
2021-12-29,043650.KS,260.0,KRW,260.0
2021-12-29,047810.KQ,200.0,KRW,200.0
2021-12-29,049720.KQ,150.0,KRW,150.0
2021-12-29,052690.KS,238.0,KRW,238.0
2021-12-29,054210.KQ,100.0,KRW,100.0
2021-12-29,067160.KQ,730.0,KRW,730.0
2021-12-29,068270.KQ,660.3973,KRW,660.3973
2021-12-29,075580.KQ,150.0,KRW,150.0
2021-12-29,075580.KS,150.0,KRW,150.0
2021-12-29,082920.KS,75.0,KRW,75.0
2021-12-29,089600.KQ,800.0,KRW,800.0
2021-12-29,089860.KS,900.0,KRW,900.0
2021-12-29,090460.KS,250.0,KRW,250.0
2021-12-29,098120.KS,30.0,KRW,30.0
2021-12-29,100840.KQ,133.33333,KRW,133.33333
2021-12-29,101160.KS,60.0,KRW,60.0
2021-12-29,101490.KS,100.0,KRW,100.0
2021-12-29,103140.KS,1000.0,KRW,1000.0
2021-12-29,112610.KS,600.0,KRW,600.0
2021-12-29,119610.KQ,450.0,KRW,450.0
2021-12-29,119850.KS,50.0,KRW,50.0
2021-12-29,131970.KQ,160.0,KRW,160.0
2021-12-29,148150.KS,33.333332,KRW,33.333332
2021-12-29,166090.KS,300.0,KRW,300.0
2021-12-29,170790.KQ,250.0,KRW,250.0
2021-12-29,189300.KS,96.78864,KRW,96.78864
2021-12-29,192400.KS,700.0,KRW,700.0
2021-12-29,192820.KQ,550.0,KRW,550.0
2021-12-29,194480.KS,500.0,KRW,500.0
2021-12-29,200710.KS,70.0,KRW,70.0
2021-12-29,210980.KQ,1039.4658,KRW,1039.4658
2021-12-29,2124.T,18.25,JPY,188.87288713455197
2021-12-29,214450.KS,600.0,KRW,600.0
2021-12-29,215000.KS,3500.0,KRW,3500.0
2021-12-29,218410.KQ,150.0,KRW,150.0
2021-12-29,237690.KS,500.0,KRW,500.0
2021-12-29,271560.KQ,750.0,KRW,750.0
2021-12-29,280360.KS,1600.0,KRW,1600.0
2021-12-29,285490.KQ,150.0,KRW,150.0
2021-12-29,294570.KQ,100.0,KRW,100.0
2021-12-29,294870.KQ,600.0,KRW,600.0
2021-12-29,298020.KS,50000.0,KRW,50000.0
2021-12-29,306200.KS,3500.0,KRW,3500.0
2021-12-29,316140.KS,750.0,KRW,750.0
2021-12-29,344820.KS,1400.0,KRW,1400.0
2021-12-29,348210.KS,500.0,KRW,500.0
2021-12-29,353810.KQ,75.0,KRW,75.0
2021-12-29,356860.KQ,250.0,KRW,250.0
2021-12-29,375500.KS,1350.0,KRW,1350.0
2022-02-01,SXT,0.41,USD,494.09919799804686
2022-02-08,LEVI,0.1,USD,119.68499755859375
2022-02-14,LLY,0.98,USD,1175.2551904296874
2022-02-16,IRMD,1.0,USD,1196.8299560546875
2022-02-25,EAF,0.1,USD,120.60000000000001
2022-02-25,GLW,0.27,USD,325.62
2022-03-01,SBLK,2.0,USD,2401.860107421875
2022-03-01,STNG,0.1,USD,120.09300537109375
2022-03-03,BAC,0.21,USD,252.6615051269531
2022-03-16,TSM,0.49,USD,608.4232263183594
2022-03-17,WFG,0.25,USD,305.75
2022-03-30,000660.KS,300.0,KRW,300.0
2022-03-30,005490.KQ,4000.0,KRW,4000.0
2022-03-30,4680.T,3.333333,JPY,32.73474683842278
2022-03-30,4689.T,5.81,JPY,57.05666944503784
2022-03-30,6857.T,17.5,JPY,171.85743808746338
2022-05-03,BESI.AS,3.33,EUR,4431.464165039062
2022-05-05,LEVI,0.1,USD,125.15
2022-05-06,SXT,0.41,USD,520.1669799804687
2022-05-09,LONN.SW,3.0,CHF,3850.82373046875
2022-05-13,LLY,0.98,USD,1264.935
2022-05-19,STNG,0.1,USD,127.55799560546876
2022-05-23,TS,0.56,USD,712.997578125
2022-05-27,EAF,0.1,USD,125.88900146484376
2022-05-27,GLW,0.27,USD,339.90030395507813
2022-06-02,BAC,0.21,USD,261.85948974609374
2022-06-02,SBLK,1.65,USD,2057.4674194335935
2022-06-06,GTT.PA,1.75,EUR,2344.9124145507812
2022-06-09,002714.SZ,0.248023,CNY,53.581399934265136
2022-06-13,1211.HK,0.04115,HKD,6.701206798553467
2022-06-16,TSM,0.467,USD,596.900735961914
2022-06-17,002340.SZ,0.029,CNY,6.264985900878907
2022-06-21,WFG,0.3,USD,387.71400146484376
2022-06-29,000640.KS,471.29794,KRW,471.29794
2022-06-29,000660.KS,300.0,KRW,300.0
2022-06-29,005380.KS,1000.0,KRW,1000.0
2022-06-29,005490.KQ,4000.0,KRW,4000.0
2022-06-29,010950.KS,2500.0,KRW,2500.0
2022-06-29,012330.KS,1000.0,KRW,1000.0
2022-06-29,032640.KQ,250.0,KRW,250.0
2022-06-29,049720.KQ,160.0,KRW,160.0
2022-06-29,100840.KQ,133.33333,KRW,133.33333
2022-06-29,166090.KS,300.0,KRW,300.0
2022-06-29,210980.KQ,519.7329,KRW,519.7329
2022-06-29,316140.KS,150.0,KRW,150.0
2022-06-29,344820.KS,1000.0,KRW,1000.0
2022-07-29,LEVI,0.12,USD,155.4180029296875
2022-07-29,SXT,0.41,USD,531.0115100097656
2022-08-10,STNG,0.1,USD,130.756005859375
2022-08-12,LLY,0.98,USD,1280.6933569335938
2022-08-24,SBLK,1.65,USD,2209.4819274902343
2022-08-30,EAF,0.1,USD,134.572998046875
2022-08-30,GLW,0.27,USD,363.34709472656255
2022-09-01,BAC,0.22,USD,295.2972021484375
2022-09-15,TSM,0.448,USD,623.2486640625
2022-09-21,WFG,0.3,USD,417.7530029296875
2022-09-29,000660.KS,300.0,KRW,300.0
2022-09-29,005490.KQ,2000.0,KRW,2000.0
2022-09-29,4680.T,4.0,JPY,39.38906097412109
2022-09-29,5726.T,10.0,JPY,98.47265243530272
2022-09-29,6857.T,16.25,JPY,160.01806020736691
2022-11-03,LEVI,0.12,USD,170.7719970703125
2022-11-04,SXT,0.41,USD,583.6965100097656
2022-11-14,LLY,0.98,USD,1286.7694287109375
2022-11-16,STNG,0.1,USD,131.6260009765625
2022-11-17,GLW,0.27,USD,360.83611450195315
2022-11-21,TS,0.34,USD,455.2702099609375
2022-11-29,EAF,0.1,USD,134.01199951171876
2022-11-29,SBLK,1.2,USD,1608.143994140625
2022-11-29,VRT,0.01,USD,13.401199951171876
2022-12-01,BAC,0.22,USD,281.5560107421875
2022-12-13,GTT.PA,1.55,EUR,2132.257537841797
2022-12-15,TSM,0.451,USD,584.3517042236329
2022-12-28,000150.KS,2000.0,KRW,2000.0
2022-12-28,000210.KQ,1000.0,KRW,1000.0
2022-12-28,000640.KS,942.5959,KRW,942.5959
2022-12-28,000660.KS,300.0,KRW,300.0
2022-12-28,001040.KS,2500.0,KRW,2500.0
2022-12-28,001060.KS,356.9389,KRW,356.9389
2022-12-28,001120.KS,3000.0,KRW,3000.0
2022-12-28,001530.KS,221.2267,KRW,221.2267
2022-12-28,003030.KQ,2250.0,KRW,2250.0
2022-12-28,004020.KS,1000.0,KRW,1000.0
2022-12-28,004250.KS,100.0,KRW,100.0
2022-12-28,005290.KS,130.0,KRW,130.0
2022-12-28,005380.KS,6000.0,KRW,6000.0
2022-12-28,005490.KQ,2000.0,KRW,2000.0
2022-12-28,005720.KS,110.0,KRW,110.0
2022-12-28,005850.KS,600.0,KRW,600.0
2022-12-28,006060.KS,188.0,KRW,188.0
2022-12-28,006260.KS,1550.0,KRW,1550.0
2022-12-28,006650.KQ,1000.0,KRW,1000.0
2022-12-28,007210.KS,25.0,KRW,25.0
2022-12-28,007660.KS,95.47287,KRW,95.47287
2022-12-28,007690.KS,1359.2233,KRW,1359.2233
2022-12-28,008730.KS,250.0,KRW,250.0
2022-12-28,009970.KQ,3050.0,KRW,3050.0
2022-12-28,010950.KS,3000.0,KRW,3000.0
2022-12-28,012330.KS,3000.0,KRW,3000.0
2022-12-28,012450.KS,1096.1295,KRW,1096.1295
2022-12-28,016380.KS,150.0,KRW,150.0
2022-12-28,017650.KS,100.0,KRW,100.0
2022-12-28,017960.KS,130.0,KRW,130.0
2022-12-28,023160.KS,170.0,KRW,170.0
2022-12-28,029460.KS,350.0,KRW,350.0
2022-12-28,032640.KQ,400.0,KRW,400.0
2022-12-28,033500.KQ,350.0,KRW,350.0
2022-12-28,035900.KQ,369.0,KRW,369.0
2022-12-28,036570.KQ,6680.0,KRW,6680.0
2022-12-28,036930.KS,193.0,KRW,193.0
2022-12-28,041830.KS,300.0,KRW,300.0
2022-12-28,043650.KS,210.0,KRW,210.0
2022-12-28,047810.KQ,250.0,KRW,250.0
2022-12-28,049720.KQ,170.0,KRW,170.0
2022-12-28,052690.KS,283.0,KRW,283.0
2022-12-28,054210.KQ,150.0,KRW,150.0
2022-12-28,067160.KQ,730.0,KRW,730.0
2022-12-28,068270.KQ,343.4066,KRW,343.4066
2022-12-28,075580.KQ,150.0,KRW,150.0
2022-12-28,075580.KS,150.0,KRW,150.0
2022-12-28,082920.KS,100.0,KRW,100.0
2022-12-28,089600.KQ,700.0,KRW,700.0
2022-12-28,089860.KS,900.0,KRW,900.0
2022-12-28,090460.KS,250.0,KRW,250.0
2022-12-28,098120.KS,80.0,KRW,80.0
2022-12-28,099430.KQ,70.0,KRW,70.0
2022-12-28,100840.KQ,133.33333,KRW,133.33333
2022-12-28,101160.KS,50.0,KRW,50.0
2022-12-28,101490.KS,150.0,KRW,150.0
2022-12-28,103140.KS,1000.0,KRW,1000.0
2022-12-28,112610.KS,500.0,KRW,500.0
2022-12-28,119610.KQ,600.0,KRW,600.0
2022-12-28,119850.KS,50.0,KRW,50.0
2022-12-28,131970.KQ,160.0,KRW,160.0
2022-12-28,166090.KS,300.0,KRW,300.0
2022-12-28,170790.KQ,300.0,KRW,300.0
2022-12-28,189300.KS,96.78864,KRW,96.78864
2022-12-28,192400.KS,800.0,KRW,800.0
2022-12-28,210980.KQ,519.7329,KRW,519.7329
2022-12-28,211050.KQ,300.0,KRW,300.0
2022-12-28,214450.KS,660.0,KRW,660.0
2022-12-28,215000.KS,4500.0,KRW,4500.0
2022-12-28,218410.KQ,100.0,KRW,100.0
2022-12-28,237690.KS,500.0,KRW,500.0
2022-12-28,267260.KQ,500.0,KRW,500.0
2022-12-28,271560.KQ,950.0,KRW,950.0
2022-12-28,280360.KS,2300.0,KRW,2300.0
2022-12-28,285490.KQ,200.0,KRW,200.0
2022-12-28,294570.KQ,100.0,KRW,100.0
2022-12-28,294870.KQ,600.0,KRW,600.0
2022-12-28,298020.KS,10000.0,KRW,10000.0
2022-12-28,306200.KS,6000.0,KRW,6000.0
2022-12-28,316140.KS,980.0,KRW,980.0
2022-12-28,322000.KS,600.0,KRW,600.0
2022-12-28,344820.KS,1400.0,KRW,1400.0
2022-12-28,348210.KS,500.0,KRW,500.0
2022-12-28,353810.KQ,75.0,KRW,75.0
2022-12-28,356860.KQ,300.0,KRW,300.0
2022-12-28,363280.KS,151.48454,KRW,151.48454
2022-12-28,366030.KQ,180.0,KRW,180.0
2022-12-28,375500.KS,1000.0,KRW,1000.0
2022-12-28,403870.KQ,150.0,KRW,150.0
2022-12-29,2124.T,20.0,JPY,190.14875411987305
2022-12-29,WFG,0.3,USD,382.2959838867187
2023-02-06,SXT,0.41,USD,511.16749999999996
2023-02-07,LEVI,0.12,USD,151.34759765625
2023-02-10,IRMD,1.05,USD,1327.7775512695314
2023-02-14,LLY,1.13,USD,1438.4221337890624
2023-02-27,EAF,0.1,USD,131.3699951171875
2023-02-27,GLW,0.28,USD,367.83598632812505
2023-02-27,SBLK,0.6,USD,788.219970703125
2023-03-02,BAC,0.22,USD,287.260595703125
2023-03-06,STNG,0.2,USD,258.956005859375
2023-03-16,TSM,0.449,USD,588.9712556152344
2023-03-16,WFG,0.3,USD,393.52199707031247
2023-03-30,000660.KS,300.0,KRW,300.0
2023-03-30,005490.KQ,2500.0,KRW,2500.0
2023-03-30,4680.T,4.0,JPY,39.43255233764648
2023-03-30,4689.T,5.56,JPY,54.8112477493286
2023-03-30,5726.T,25.0,JPY,246.45345211029047
2023-03-30,6857.T,17.5,JPY,172.51741647720334
2023-04-28,BESI.AS,2.85,EUR,4203.0375
2023-05-03,LEVI,0.12,USD,161.076005859375
2023-05-05,SXT,0.41,USD,541.2615100097656
2023-05-09,LONN.SW,3.5,CHF,5200.547119140625
2023-05-12,LLY,1.13,USD,1502.7644055175779
2023-05-22,TS,0.68,USD,900.4627734375001
2023-05-30,EAF,0.1,USD,132.45899658203126
2023-05-30,GLW,0.28,USD,370.88519042968755
2023-06-01,BAC,0.22,USD,290.7827978515625
2023-06-06,SBLK,0.35,USD,454.92651367187494
2023-06-09,GLNG,0.25,USD,324.0824890136719
2023-06-12,GTT.PA,1.55,EUR,2142.595916748047
2023-06-12,STNG,0.25,USD,321.6724853515625
2023-06-13,1211.HK,0.420063,HKD,68.87432709718323
2023-06-15,TSM,0.448,USD,570.747515625
2023-06-20,WFG,0.3,USD,384.9719970703125
2023-06-29,000640.KS,942.5959,KRW,942.5959
2023-06-29,000660.KS,300.0,KRW,300.0
2023-06-29,005380.KS,1500.0,KRW,1500.0
2023-06-29,005490.KQ,2500.0,KRW,2500.0
2023-06-29,010950.KS,200.0,KRW,200.0
2023-06-29,012330.KS,1000.0,KRW,1000.0
2023-06-29,032640.KQ,250.0,KRW,250.0
2023-06-29,049720.KQ,160.0,KRW,160.0
2023-06-29,100840.KQ,133.33333,KRW,133.33333
2023-06-29,148150.KS,66.666664,KRW,66.666664
2023-06-29,210980.KQ,519.7329,KRW,519.7329
2023-06-29,316140.KS,180.0,KRW,180.0
2023-06-29,344820.KS,800.0,KRW,800.0
2023-06-29,4680.T,2.5,JPY,22.66409158706665
2023-07-13,002714.SZ,0.738178,CNY,159.47154352893065
2023-07-14,002340.SZ,0.05,CNY,10.801699829101564
2023-08-03,LEVI,0.12,USD,155.4443994140625
2023-08-04,SXT,0.41,USD,531.5240100097656
2023-08-14,LLY,1.13,USD,1502.4592834472655
2023-08-14,STNG,0.25,USD,332.4024963378906
2023-08-16,NE,0.3,USD,401.6219970703125
2023-08-18,GLNG,0.25,USD,334.7699890136719
2023-08-21,SBLK,0.4,USD,535.668017578125
2023-08-30,GLW,0.28,USD,369.89958496093755
2023-08-31,BAC,0.24,USD,317.52720703125
2023-09-14,TSM,0.471,USD,626.3216791992187
2023-09-26,000660.KS,300.0,KRW,300.0
2023-09-26,005380.KS,1500.0,KRW,1500.0
2023-09-26,005490.KQ,2500.0,KRW,2500.0
2023-09-26,316140.KS,180.0,KRW,180.0
2023-09-26,WFG,0.3,USD,401.5349853515625
2023-09-28,4680.T,2.5,JPY,22.586822509765625
2023-09-28,5726.T,20.0,JPY,180.694580078125
2023-09-28,6857.T,16.25,JPY,146.81434631347656
2023-10-04,009970.KQ,1600.0,KRW,1600.0
2023-10-25,LEVI,0.12,USD,161.2368017578125
2023-11-03,SXT,0.41,USD,546.8088220214844
2023-11-14,LLY,1.13,USD,1490.5490393066405
2023-11-14,NE,0.4,USD,527.627978515625
2023-11-16,GLW,0.28,USD,364.52079589843754
2023-11-20,TS,0.4,USD,517.8000000000001
2023-11-29,STNG,0.35,USD,450.6355102539062
2023-11-30,BAC,0.24,USD,309.206396484375
2023-11-30,GLNG,0.25,USD,322.0899963378906
2023-12-04,SBLK,0.22,USD,285.821787109375
2023-12-08,VRT,0.025,USD,32.819000244140625
2023-12-12,GTT.PA,1.85,EUR,2619.7294006347656
2023-12-14,TSM,0.479,USD,618.8727946777343
2023-12-21,IRMD,0.63,USD,817.0973876953125
2023-12-27,000210.KQ,1000.0,KRW,1000.0
2023-12-27,000640.KS,1131.1151,KRW,1131.1151
2023-12-27,000660.KS,300.0,KRW,300.0
2023-12-27,001060.KS,400.0,KRW,400.0
2023-12-27,001120.KS,1200.0,KRW,1200.0
2023-12-27,001530.KS,226.75737,KRW,226.75737
2023-12-27,003030.KQ,2000.0,KRW,2000.0
2023-12-27,004250.KS,100.0,KRW,100.0
2023-12-27,005290.KS,120.0,KRW,120.0
2023-12-27,005720.KS,125.0,KRW,125.0
2023-12-27,005850.KS,900.0,KRW,900.0
2023-12-27,006060.KS,188.0,KRW,188.0
2023-12-27,006260.KS,1600.0,KRW,1600.0
2023-12-27,006650.KQ,1000.0,KRW,1000.0
2023-12-27,007210.KS,60.0,KRW,60.0
2023-12-27,007660.KS,95.47287,KRW,95.47287
2023-12-27,007690.KS,1165.0486,KRW,1165.0486
2023-12-27,008730.KS,250.0,KRW,250.0
2023-12-27,009830.KS,300.0,KRW,300.0
2023-12-27,010950.KS,1500.0,KRW,1500.0
2023-12-27,012450.KS,1973.0332,KRW,1973.0332
2023-12-27,016380.KS,200.0,KRW,200.0
2023-12-27,017650.KS,100.0,KRW,100.0
2023-12-27,017960.KS,110.0,KRW,110.0
2023-12-27,023160.KS,170.0,KRW,170.0
2023-12-27,029460.KS,260.0,KRW,260.0
2023-12-27,032640.KQ,400.0,KRW,400.0
2023-12-27,033500.KQ,350.0,KRW,350.0
2023-12-27,035900.KQ,369.0,KRW,369.0
2023-12-27,036570.KQ,3130.0,KRW,3130.0
2023-12-27,036930.KS,50.0,KRW,50.0
2023-12-27,041830.KS,350.0,KRW,350.0
2023-12-27,043650.KS,105.0,KRW,105.0
2023-12-27,047810.KQ,500.0,KRW,500.0
2023-12-27,049720.KQ,170.0,KRW,170.0
2023-12-27,052690.KS,515.0,KRW,515.0
2023-12-27,054210.KQ,150.0,KRW,150.0
2023-12-27,067160.KQ,730.0,KRW,730.0
2023-12-27,068270.KQ,457.87546,KRW,457.87546
2023-12-27,075580.KQ,200.0,KRW,200.0
2023-12-27,075580.KS,200.0,KRW,200.0
2023-12-27,082920.KS,125.0,KRW,125.0
2023-12-27,089600.KQ,636.363,KRW,636.363
2023-12-27,089860.KS,1200.0,KRW,1200.0
2023-12-27,090460.KS,250.0,KRW,250.0
2023-12-27,098120.KS,80.0,KRW,80.0
2023-12-27,099430.KQ,70.0,KRW,70.0
2023-12-27,100840.KQ,166.66667,KRW,166.66667
2023-12-27,101160.KS,60.0,KRW,60.0
2023-12-27,101490.KS,150.0,KRW,150.0
2023-12-27,103140.KS,1200.0,KRW,1200.0
2023-12-27,112610.KS,500.0,KRW,500.0
2023-12-27,119610.KQ,600.0,KRW,600.0
2023-12-27,119850.KS,70.0,KRW,70.0
2023-12-27,131970.KQ,160.0,KRW,160.0
2023-12-27,166090.KS,200.0,KRW,200.0
2023-12-27,170790.KQ,300.0,KRW,300.0
2023-12-27,189300.KS,100.0,KRW,100.0
2023-12-27,192400.KS,1100.0,KRW,1100.0
2023-12-27,192820.KQ,500.0,KRW,500.0
2023-12-27,210980.KQ,519.7329,KRW,519.7329
2023-12-27,211050.KQ,300.0,KRW,300.0
2023-12-27,214450.KS,950.0,KRW,950.0
2023-12-27,215000.KS,4500.0,KRW,4500.0
2023-12-27,218410.KQ,100.0,KRW,100.0
2023-12-27,237690.KS,500.0,KRW,500.0
2023-12-27,267260.KQ,1000.0,KRW,1000.0
2023-12-27,271560.KQ,1250.0,KRW,1250.0
2023-12-27,280360.KS,3000.0,KRW,3000.0
2023-12-27,285490.KQ,200.0,KRW,200.0
2023-12-27,294570.KQ,100.0,KRW,100.0
2023-12-27,294870.KQ,700.0,KRW,700.0
2023-12-27,298020.KS,10000.0,KRW,10000.0
2023-12-27,306200.KS,8000.0,KRW,8000.0
2023-12-27,348210.KS,500.0,KRW,500.0
2023-12-27,352820.KS,700.0,KRW,700.0
2023-12-27,353810.KQ,75.0,KRW,75.0
2023-12-27,356860.KQ,300.0,KRW,300.0
2023-12-27,375500.KS,500.0,KRW,500.0
2023-12-27,403870.KQ,37.5,KRW,37.5
2023-12-27,420770.KS,800.0,KRW,800.0
2023-12-27,453340.KS,325.0,KRW,325.0
2023-12-28,2124.T,22.5,JPY,206.0349154472351
2023-12-28,4680.T,3.5,JPY,32.04987573623657
2023-12-28,WFG,0.3,USD,388.42800292968747
2024-02-05,SXT,0.41,USD,548.4692919921874
2024-02-06,LEVI,0.12,USD,160.0068017578125
2024-02-14,LLY,1.3,USD,1743.02705078125
2024-02-28,005380.KS,8400.0,KRW,8400.0
2024-02-28,005490.KQ,2500.0,KRW,2500.0
2024-02-28,148150.KS,100.0,KRW,100.0
2024-02-28,316140.KS,640.0,KRW,640.0
2024-02-28,344820.KS,1400.0,KRW,1400.0
2024-02-28,GLW,0.28,USD,372.9012109375
2024-02-29,BAC,0.24,USD,320.011201171875
2024-03-07,NE,0.4,USD,530.835986328125
2024-03-07,STNG,0.4,USD,530.835986328125
2024-03-11,GLNG,0.25,USD,328.9949951171875
2024-03-11,SBLK,0.45,USD,592.1909912109376
2024-03-14,WFG,0.3,USD,394.0950073242187
2024-03-18,TSM,0.554,USD,736.4543410644532
2024-03-18,VRT,0.025,USD,33.233499145507814
2024-03-22,012330.KS,3500.0,KRW,3500.0
2024-03-28,000660.KS,300.0,KRW,300.0
2024-03-28,004020.KS,1000.0,KRW,1000.0
2024-03-28,005380.KS,2000.0,KRW,2000.0
2024-03-28,005490.KQ,2500.0,KRW,2500.0
2024-03-28,316140.KS,180.0,KRW,180.0
2024-03-28,4680.T,3.5,JPY,31.22616195678711
2024-03-28,4689.T,5.56,JPY,49.60498870849609
2024-03-28,5726.T,50.0,JPY,446.08802795410156
2024-03-28,6857.T,18.0,JPY,160.59169006347656
2024-03-29,009970.KQ,2370.0,KRW,2370.0
2024-04-01,000150.KS,2000.0,KRW,2000.0
2024-04-01,131970.KQ,160.0,KRW,160.0
2024-04-03,CAMT,1.33,USD,1796.4708740234375
2024-04-04,001040.KS,3000.0,KRW,3000.0
2024-04-29,BESI.AS,2.15,EUR,3161.6826049804686
2024-05-03,SXT,0.41,USD,559.5024060058594
2024-05-08,LEVI,0.12,USD,162.92759765625
2024-05-13,LONN.SW,4.0,CHF,6045.71435546875
2024-05-15,LLY,1.3,USD,1771.3150634765625
2024-05-17,IRMD,0.15,USD,201.906005859375
2024-05-20,TS,0.8,USD,1082.71201171875
2024-05-31,GLW,0.28,USD,385.1735986328125
2024-06-06,NE,0.4,USD,547.49599609375
2024-06-06,SBLK,0.75,USD,1026.5549926757812
2024-06-07,BAC,0.24,USD,327.65999999999997
2024-06-10,GLNG,0.25,USD,344.76251220703125
2024-06-11,1211.HK,1.135363,HKD,199.68425442791747
2024-06-13,TSM,0.544,USD,745.5030585937501
2024-06-14,STNG,0.4,USD,549.49599609375
2024-06-17,VRT,0.025,USD,34.557000732421876
2024-06-18,GTT.PA,2.51,EUR,3718.1381896972653
2024-06-26,WFG,0.32,USD,445.0848046875
2024-06-27,000640.KS,659.81714,KRW,659.81714
2024-06-27,000660.KS,300.0,KRW,300.0
2024-06-27,005380.KS,2000.0,KRW,2000.0
2024-06-27,005490.KQ,2500.0,KRW,2500.0
2024-06-27,012330.KS,1000.0,KRW,1000.0
2024-06-27,049720.KQ,180.0,KRW,180.0
2024-06-27,100840.KQ,150.0,KRW,150.0
2024-06-27,316140.KS,180.0,KRW,180.0
2024-06-27,344820.KS,800.0,KRW,800.0
2024-06-27,4680.T,4.0,JPY,34.701332092285156
2024-07-04,002340.SZ,0.08,CNY,17.2827197265625
2024-08-02,LEVI,0.13,USD,177.96609619140625
2024-08-05,SXT,0.41,USD,556.4397180175781
2024-08-08,032640.KQ,250.0,KRW,250.0
2024-08-09,210980.KQ,200.0,KRW,200.0
2024-08-14,010950.KS,125.0,KRW,125.0
2024-08-15,LLY,1.3,USD,1762.42294921875
2024-08-15,STNG,0.4,USD,542.283984375
2024-08-20,IRMD,0.15,USD,199.63200073242186
2024-08-26,GLNG,0.25,USD,330.9700012207031
2024-08-27,SBLK,0.7,USD,928.6480102539061
2024-08-30,GLW,0.28,USD,373.20640136718754
2024-09-06,BAC,0.26,USD,346.52541015625
2024-09-12,NE,0.5,USD,669.5900268554688
2024-09-12,TSM,0.626,USD,838.3267136230469
2024-09-17,VRT,0.025,USD,32.97774963378907
2024-09-26,WFG,0.32,USD,427.216015625
2024-09-27,000660.KS,300.0,KRW,300.0
2024-09-27,005380.KS,2000.0,KRW,2000.0
2024-09-27,005490.KQ,2500.0,KRW,2500.0
2024-09-27,267260.KQ,1100.0,KRW,1100.0
2024-09-27,316140.KS,180.0,KRW,180.0
2024-09-27,4680.T,4.0,JPY,36.207740783691406
2024-09-27,5726.T,25.0,JPY,226.2983798980713
2024-09-27,6857.T,19.0,JPY,171.98676872253418
2024-10-04,009970.KQ,2400.0,KRW,2400.0
2024-10-29,LEVI,0.13,USD,179.65609619140625
2024-11-04,SXT,0.41,USD,565.5293859863281
2024-11-15,GLW,0.28,USD,392.2323876953125
2024-11-15,IRMD,0.15,USD,210.1244934082031
2024-11-15,LLY,1.3,USD,1821.078942871094
2024-11-19,TS,0.54,USD,750.33
2024-11-22,STNG,0.4,USD,559.839990234375
2024-11-25,GLNG,0.25,USD,350.87750244140625
2024-12-03,VRT,0.038,USD,53.2402822265625
2024-12-05,NE,0.5,USD,705.4000244140625
2024-12-05,SBLK,0.6,USD,846.4800292968749
2024-12-06,1833.HK,9.7,HKD,1761.0187484741211
2024-12-06,BAC,0.26,USD,363.9973974609375
2024-12-10,GTT.PA,3.67,EUR,5529.7725
2024-12-12,TSM,0.616,USD,880.3564150390625
2024-12-27,000210.KQ,1000.0,KRW,1000.0
2024-12-27,001060.KS,450.0,KRW,450.0
2024-12-27,001530.KS,238.09525,KRW,238.09525
2024-12-27,004250.KS,105.0,KRW,105.0
2024-12-27,005290.KS,200.0,KRW,200.0
2024-12-27,005720.KS,135.0,KRW,135.0
2024-12-27,005850.KS,1200.0,KRW,1200.0
2024-12-27,006060.KS,200.0,KRW,200.0
2024-12-27,006650.KQ,1000.0,KRW,1000.0
2024-12-27,008730.KS,250.0,KRW,250.0
2024-12-27,009830.KS,300.0,KRW,300.0
2024-12-27,012450.KS,3453.881,KRW,3453.881
2024-12-27,015760.KS,213.0,KRW,213.0
2024-12-27,017650.KS,100.0,KRW,100.0
2024-12-27,017960.KS,130.0,KRW,130.0
2024-12-27,023160.KS,250.0,KRW,250.0
2024-12-27,028050.KS,660.0,KRW,660.0
2024-12-27,033500.KQ,250.0,KRW,250.0
2024-12-27,035900.KQ,574.0,KRW,574.0
2024-12-27,036930.KS,287.0,KRW,287.0
2024-12-27,043650.KS,70.0,KRW,70.0
2024-12-27,049720.KQ,200.0,KRW,200.0
2024-12-27,052690.KS,999.0,KRW,999.0
2024-12-27,067160.KQ,850.0,KRW,850.0
2024-12-27,068270.KQ,686.8132,KRW,686.8132
2024-12-27,082920.KS,230.0,KRW,230.0
2024-12-27,089600.KQ,700.0,KRW,700.0
2024-12-27,090460.KS,250.0,KRW,250.0
2024-12-27,098120.KS,80.0,KRW,80.0
2024-12-27,099430.KQ,70.0,KRW,70.0
2024-12-27,100840.KQ,350.0,KRW,350.0
2024-12-27,101160.KS,60.0,KRW,60.0
2024-12-27,101490.KS,150.0,KRW,150.0
2024-12-27,112610.KS,1000.0,KRW,1000.0
2024-12-27,119610.KQ,300.0,KRW,300.0
2024-12-27,119850.KS,100.0,KRW,100.0
2024-12-27,166090.KS,250.0,KRW,250.0
2024-12-27,170790.KQ,300.0,KRW,300.0
2024-12-27,189300.KS,100.0,KRW,100.0
2024-12-27,192400.KS,1200.0,KRW,1200.0
2024-12-27,192820.KQ,2300.0,KRW,2300.0
2024-12-27,211050.KQ,70.0,KRW,70.0
2024-12-27,2124.T,26.0,JPY,241.59561538696295
2024-12-27,214450.KS,1100.0,KRW,1100.0
2024-12-27,215000.KS,4000.0,KRW,4000.0
2024-12-27,218410.KQ,100.0,KRW,100.0
2024-12-27,234300.KQ,40.0,KRW,40.0
2024-12-27,237690.KS,500.0,KRW,500.0
2024-12-27,294570.KQ,100.0,KRW,100.0
2024-12-27,298020.KS,10000.0,KRW,10000.0
2024-12-27,348210.KS,500.0,KRW,500.0
2024-12-27,356860.KQ,200.0,KRW,200.0
2024-12-27,375500.KS,540.0,KRW,540.0
2024-12-27,403870.KQ,150.0,KRW,150.0
2024-12-27,408920.KQ,73651.0,KRW,73651.0
2024-12-27,420770.KS,800.0,KRW,800.0
2024-12-27,461300.KQ,738.0,KRW,738.0
2024-12-27,4680.T,4.0,JPY,37.16855621337891
2024-12-27,472850.KQ,250.0,KRW,250.0
2024-12-27,WFG,0.32,USD,469.436796875
2024-12-30,002714.SZ,0.834793,CNY,180.3436681087036
2025-02-04,SXT,0.41,USD,598.2105200195313
2025-02-12,LEVI,0.13,USD,188.5975
2025-02-14,LLY,1.5,USD,2158.1099853515625
2025-02-18,267260.KQ,4250.0,KRW,4250.0
2025-02-24,IRMD,0.17,USD,243.82930664062502
2025-02-27,000660.KS,1304.0,KRW,1304.0
2025-02-27,001120.KS,2000.0,KRW,2000.0
2025-02-27,005380.KS,6000.0,KRW,6000.0
2025-02-27,005490.KQ,2500.0,KRW,2500.0
2025-02-27,006260.KS,1650.0,KRW,1650.0
2025-02-27,010620.KQ,710.0,KRW,710.0
2025-02-27,103140.KS,2600.0,KRW,2600.0
2025-02-27,148150.KS,100.0,KRW,100.0
2025-02-27,271560.KQ,2500.0,KRW,2500.0
2025-02-27,316140.KS,660.0,KRW,660.0
2025-02-27,344820.KS,1000.0,KRW,1000.0
2025-02-28,GLW,0.28,USD,405.96079589843754
2025-03-04,SBLK,0.09,USD,131.21370483398437
2025-03-05,NE,0.5,USD,726.4249877929688
2025-03-07,007690.KS,582.5243,KRW,582.5243
2025-03-07,BAC,0.26,USD,376.09000000000003
2025-03-07,STNG,0.4,USD,578.6
2025-03-11,GLNG,0.25,USD,364.25750732421875
2025-03-13,000640.KS,970.8738,KRW,970.8738
2025-03-13,352820.KS,200.0,KRW,200.0
2025-03-14,WFG,0.32,USD,465.03359375
2025-03-18,TSM,0.684,USD,986.6631533203126
2025-03-18,VRT,0.038,USD,54.81461962890625
2025-03-20,007210.KS,37.0,KRW,37.0
2025-03-21,012330.KS,5000.0,KRW,5000.0
2025-03-21,036570.KQ,1460.0,KRW,1460.0
2025-03-27,003030.KQ,1800.0,KRW,1800.0
2025-03-27,004020.KS,750.0,KRW,750.0
2025-03-27,306200.KS,7000.0,KRW,7000.0
2025-03-28,007660.KS,150.0,KRW,150.0
2025-03-28,016380.KS,250.0,KRW,250.0
2025-03-28,032640.KQ,400.0,KRW,400.0
2025-03-28,041830.KS,400.0,KRW,400.0
2025-03-28,075580.KQ,200.0,KRW,200.0
2025-03-28,075580.KS,200.0,KRW,200.0
2025-03-28,089860.KS,1200.0,KRW,1200.0
2025-03-28,100840.KQ,250.0,KRW,250.0
2025-03-28,131970.KQ,160.0,KRW,160.0
2025-03-28,210980.KQ,400.0,KRW,400.0
2025-03-28,280360.KS,3300.0,KRW,3300.0
2025-03-28,294870.KQ,700.0,KRW,700.0
2025-03-28,4680.T,4.0,JPY,38.76252746582031
2025-03-28,4689.T,7.0,JPY,67.83442306518555
2025-03-28,5726.T,25.0,JPY,242.26579666137695
2025-03-28,6857.T,20.0,JPY,193.81263732910156
2025-03-31,009970.KQ,2950.0,KRW,2950.0
2025-03-31,047810.KQ,500.0,KRW,500.0
2025-04-01,029460.KS,320.0,KRW,320.0
2025-04-02,000150.KS,2000.0,KRW,2000.0
2025-04-02,453340.KS,335.0,KRW,335.0
2025-04-03,001040.KS,3000.0,KRW,3000.0
2025-04-24,LEVI,0.13,USD,185.43849365234377
2025-04-25,BESI.AS,2.18,EUR,3544.135
2025-05-08,316140.KS,200.0,KRW,200.0
2025-05-12,SXT,0.41,USD,572.019718017578
2025-05-13,LONN.SW,4.0,CHF,6703.537109375
2025-05-16,LLY,1.5,USD,2095.530029296875
2025-05-20,IRMD,0.17,USD,236.05350830078126
2025-05-20,TS,1.12,USD,1555.1760546875003
2025-05-27,005490.KQ,2500.0,KRW,2500.0
2025-05-29,000660.KS,375.0,KRW,375.0
2025-05-29,005380.KS,2500.0,KRW,2500.0
2025-05-30,GLW,0.28,USD,383.7148095703125
2025-05-30,STNG,0.4,USD,548.1640136718751
2025-06-03,GLNG,0.25,USD,344.0174865722656
2025-06-05,NE,0.5,USD,680.5449829101562
2025-06-06,BAC,0.26,USD,352.1830126953125
2025-06-06,SBLK,0.05,USD,67.72750244140626
2025-06-10,1211.HK,1.44532,HKD,249.34376763061522
2025-06-12,TSM,0.78,USD,1065.238154296875
2025-06-16,VRT,0.038,USD,51.875320556640624
2025-06-17,GTT.PA,3.83,EUR,5987.017475585938
2025-06-26,002714.SZ,0.574269,CNY,124.06162718316651
2025-06-26,WFG,0.32,USD,434.24960937500003
2025-06-27,010620.KQ,480.0,KRW,480.0
2025-06-27,049720.KQ,220.0,KRW,220.0
2025-06-27,100840.KQ,300.0,KRW,300.0
2025-06-27,267260.KQ,1900.0,KRW,1900.0
2025-06-27,344820.KS,600.0,KRW,600.0
2025-06-27,461300.KQ,368.0,KRW,368.0
2025-06-27,4680.T,4.5,JPY,42.0605263710022
2025-07-04,002340.SZ,0.066,CNY,14.258243774414064
2025-07-24,LEVI,0.14,USD,192.32079589843752
2025-07-25,278470.KS,3590.0,KRW,3590.0
2025-07-30,000640.KS,679.61163,KRW,679.61163
2025-08-04,032640.KQ,250.0,KRW,250.0
2025-08-04,SXT,0.41,USD,569.9738220214844
2025-08-07,316140.KS,200.0,KRW,200.0
2025-08-08,012330.KS,1500.0,KRW,1500.0
2025-08-13,STNG,0.4,USD,553.235986328125
2025-08-15,LLY,1.5,USD,2081.8049926757812
2025-08-18,IRMD,0.17,USD,235.95659667968752
2025-08-20,210980.KQ,200.0,KRW,200.0
2025-08-25,023160.KS,285.0,KRW,285.0
2025-08-26,005490.KQ,2500.0,KRW,2500.0
2025-08-26,GLNG,0.25,USD,347.26251220703125
2025-08-28,000660.KS,375.0,KRW,375.0
2025-08-28,005380.KS,2500.0,KRW,2500.0
2025-08-28,SBLK,0.05,USD,69.6375
2025-08-29,GLW,0.28,USD,387.63480957031254
2025-09-04,NE,0.5,USD,694.8150024414062
2025-09-05,BAC,0.28,USD,389.77681640625
2025-09-15,VRT,0.038,USD,52.96059814453125
2025-09-16,TSM,0.822,USD,1138.4782280273437
2025-09-29,009970.KQ,2400.0,KRW,2400.0
2025-09-29,100840.KQ,300.0,KRW,300.0
2025-09-29,453340.KS,306.0,KRW,306.0
2025-09-29,461300.KQ,1186.0,KRW,1186.0
2025-09-29,4680.T,4.5,JPY,42.429036140441895
2025-09-29,5726.T,5.0,JPY,47.14337348937988
2025-09-29,6857.T,29.0,JPY,273.4315662384033
2025-10-16,002714.SZ,0.927521,CNY,200.37606854376222
2025-10-20,LEVI,0.14,USD,198.76359863281252
2025-10-27,356860.KQ,200.0,KRW,200.0
2025-11-07,316140.KS,200.0,KRW,200.0
2025-11-10,SXT,0.41,USD,596.14
2025-11-14,GLW,0.28,USD,411.2387890625
2025-11-14,IRMD,0.17,USD,249.68069335937503
2025-11-14,LLY,1.5,USD,2203.06494140625
2025-11-17,GLNG,0.25,USD,361.63250732421875
2025-11-25,005490.KQ,2500.0,KRW,2500.0
2025-11-25,VRT,0.063,USD,92.91617907714844
2025-11-27,000660.KS,375.0,KRW,375.0
2025-11-27,005380.KS,2500.0,KRW,2500.0
2025-12-04,NE,0.5,USD,732.5150146484375
2025-12-05,BAC,0.28,USD,412.26640136718754
2025-12-05,SBLK,0.11,USD,161.96180053710938
2025-12-09,GTT.PA,4.0,EUR,6836.2001953125
2025-12-11,TSM,0.835,USD,1226.6484326171874
2025-12-17,IRMD,0.5,USD,735.8699951171875
2025-12-29,001530.KS,100.0,KRW,100.0
2025-12-29,004250.KS,105.0,KRW,105.0
2025-12-29,005290.KS,650.0,KRW,650.0
2025-12-29,006060.KS,206.0,KRW,206.0
2025-12-29,006650.KQ,1300.0,KRW,1300.0
2025-12-29,008730.KS,250.0,KRW,250.0
2025-12-29,012450.KS,7000.0,KRW,7000.0
2025-12-29,015760.KS,1542.0,KRW,1542.0
2025-12-29,017650.KS,100.0,KRW,100.0
2025-12-29,017960.KS,320.0,KRW,320.0
2025-12-29,023160.KS,250.0,KRW,250.0
2025-12-29,028050.KS,790.0,KRW,790.0
2025-12-29,033500.KQ,350.0,KRW,350.0
2025-12-29,036930.KS,53.0,KRW,53.0
2025-12-29,043650.KS,80.0,KRW,80.0
2025-12-29,049720.KQ,230.0,KRW,230.0
2025-12-29,052690.KS,1347.0,KRW,1347.0
2025-12-29,054210.KQ,80.0,KRW,80.0
2025-12-29,068270.KQ,750.0,KRW,750.0
2025-12-29,082920.KS,260.0,KRW,260.0
2025-12-29,090460.KS,250.0,KRW,250.0
2025-12-29,098120.KS,100.0,KRW,100.0
2025-12-29,099430.KQ,50.0,KRW,50.0
2025-12-29,100840.KQ,300.0,KRW,300.0
2025-12-29,101160.KS,100.0,KRW,100.0
2025-12-29,101490.KS,200.0,KRW,200.0
2025-12-29,112610.KS,1000.0,KRW,1000.0
2025-12-29,119610.KQ,650.0,KRW,650.0
2025-12-29,119850.KS,150.0,KRW,150.0
2025-12-29,166090.KS,300.0,KRW,300.0
2025-12-29,170790.KQ,300.0,KRW,300.0
2025-12-29,182360.KS,606.0,KRW,606.0
2025-12-29,189300.KS,200.0,KRW,200.0
2025-12-29,192400.KS,1550.0,KRW,1550.0
2025-12-29,211050.KQ,100.0,KRW,100.0
2025-12-29,2124.T,36.0,JPY,332.53582763671875
2025-12-29,214450.KS,3700.0,KRW,3700.0
2025-12-29,215000.KS,4000.0,KRW,4000.0
2025-12-29,218410.KQ,100.0,KRW,100.0
2025-12-29,248070.KS,75.0,KRW,75.0
2025-12-29,294570.KQ,150.0,KRW,150.0
2025-12-29,298020.KS,10100.0,KRW,10100.0
2025-12-29,348210.KS,510.0,KRW,510.0
2025-12-29,356860.KQ,200.0,KRW,200.0
2025-12-29,403870.KQ,600.0,KRW,600.0
2025-12-29,408920.KQ,100.0,KRW,100.0
2025-12-29,420770.KS,800.0,KRW,800.0
2025-12-29,4680.T,4.5,JPY,41.566978454589844
2026-02-03,SXT,0.41,USD,595.5414160156249
2026-02-10,LEVI,0.14,USD,204.19560546875002
2026-02-13,LLY,1.73,USD,2492.7570422363283
2026-02-23,IRMD,0.2,USD,288.68798828125
2026-02-26,000660.KS,1875.0,KRW,1875.0
2026-02-26,001120.KS,2000.0,KRW,2000.0
2026-02-26,005380.KS,2500.0,KRW,2500.0
2026-02-26,005490.KQ,2500.0,KRW,2500.0
2026-02-26,029460.KS,430.0,KRW,430.0
2026-02-26,089600.KQ,700.0,KRW,700.0
2026-02-26,148150.KS,100.0,KRW,100.0
2026-02-26,234300.KQ,140.0,KRW,140.0
2026-02-26,259960.KS,2240.0,KRW,2240.0
2026-02-26,267260.KQ,5200.0,KRW,5200.0
2026-02-26,316140.KS,760.0,KRW,760.0
2026-02-26,344820.KS,1000.0,KRW,1000.0
2026-02-27,GLW,0.28,USD,401.0495849609375
2026-03-04,NE,0.5,USD,741.5349731445312
2026-03-06,007690.KS,1300.0,KRW,1300.0
2026-03-06,BAC,0.28,USD,414.26280273437504
2026-03-06,STNG,0.45,USD,665.7795043945313
2026-03-09,353810.KQ,250.0,KRW,250.0
2026-03-09,GLNG,0.25,USD,370.9725036621094
2026-03-09,SBLK,0.37,USD,549.0393054199219
2026-03-11,000640.KS,1000.0,KRW,1000.0
2026-03-12,352820.KS,500.0,KRW,500.0
2026-03-13,WFG,0.32,USD,470.5855859375
2026-03-17,TSM,0.956,USD,1423.397992675781
2026-03-17,VRT,0.063,USD,93.80133215332032
2026-03-19,005850.KS,2770.0,KRW,2770.0
2026-03-19,012330.KS,5000.0,KRW,5000.0
2026-03-24,103140.KS,1700.0,KRW,1700.0
2026-03-26,003030.KQ,1800.0,KRW,1800.0
2026-03-26,306200.KS,5500.0,KRW,5500.0
2026-03-30,001040.KS,3300.0,KRW,3300.0
2026-03-30,004020.KS,500.0,KRW,500.0
2026-03-30,006260.KS,2500.0,KRW,2500.0
2026-03-30,007210.KS,30.0,KRW,30.0
2026-03-30,007660.KS,230.0,KRW,230.0
2026-03-30,016380.KS,300.0,KRW,300.0
2026-03-30,032640.KQ,410.0,KRW,410.0
2026-03-30,035900.KQ,877.0,KRW,877.0
2026-03-30,036570.KQ,1150.0,KRW,1150.0
2026-03-30,041830.KS,600.0,KRW,600.0
2026-03-30,075580.KQ,225.0,KRW,225.0
2026-03-30,075580.KS,225.0,KRW,225.0
2026-03-30,089860.KS,1200.0,KRW,1200.0
2026-03-30,192820.KQ,3300.0,KRW,3300.0
2026-03-30,237690.KS,500.0,KRW,500.0
2026-03-30,271560.KQ,3500.0,KRW,3500.0
2026-03-30,278470.KS,1500.0,KRW,1500.0
2026-03-30,280360.KS,3300.0,KRW,3300.0
2026-03-30,294870.KQ,700.0,KRW,700.0
2026-03-30,375500.KS,890.0,KRW,890.0
2026-03-30,4680.T,4.5,JPY,42.32052898406982
2026-03-30,4689.T,7.3,JPY,68.6533025741577
2026-03-30,5726.T,10.0,JPY,94.0456199645996
2026-03-31,001060.KS,650.0,KRW,650.0
2026-03-31,005720.KS,175.0,KRW,175.0
2026-03-31,009970.KQ,4176.0,KRW,4176.0
2026-03-31,047810.KQ,500.0,KRW,500.0
2026-04-02,000150.KS,4000.0,KRW,4000.0
2026-04-02,131970.KQ,160.0,KRW,160.0
2026-04-02,453340.KS,370.0,KRW,370.0
2026-04-03,010950.KS,330.0,KRW,330.0
2026-04-22,LEVI,0.14,USD,208.0120068359375
2026-04-27,BESI.AS,1.58,EUR,2733.242038574219
