source_file,report_date,filename_date,market,company,ticker,exchange,rating,target_price,target_price_raw,report_current_price,report_current_price_raw,stated_upside_pct,first_trade_date,start_close,latest_trade_date,latest_close,return_latest_pct,direction_latest,return_30d_pct,return_90d_pct,return_180d_pct,return_365d_pct,max_high_until_latest,max_high_return_pct,target_hit_until_latest,first_target_hit_date,days_to_target,data_issue,parse_issue
data\markdown\2020-06-22_equity-research-네패스-2.md,2020-06-06,2020-06-22,KR,네패스,033640,KRX,Buy,58383.0,"58,383 원",32000.0,"32,000 원",82.4,2020-06-08,31400.0,2026-06-09,33250.0,5.89172,up,-7.165605,-3.980892,0.477707,20.063694,48850.0,55.573248,False,,,,
data\markdown\2020-06-22_equity-research-제이브이엠-2.md,2020-06-06,2020-06-22,KR,제이브이엠,054950,KRX,Hold,26876.0,"26,876 원",35050.0,"35,050 원",-24.0,2020-06-08,17785.0,2026-06-09,21400.0,20.326118,up,-6.033174,-2.648299,12.521788,-2.445881,39850.0,124.065224,True,2023-06-13,1100,,
data\markdown\2020-06-22_equity-research-교촌에프앤비.md,2020-06-06,2020-06-22,KR,교촌에프앤비,075580,KRX,Buy,31900.0,"27,500 ~ 36,300원",,,,2020-06-08,3011.0,2026-06-09,13240.0,339.721023,up,33.178346,47.957489,121.188974,140.451677,27400.0,809.996679,False,,,,
data\markdown\2020-06-22_equity-research-테스나.md,2020-06-06,2020-06-22,KR,테스나,131970,KRX,Buy,83099.0,"83,099 원",67100.0,"67,100 원",24.0,2020-06-08,32404.0,2026-06-09,125300.0,286.680657,up,-2.795951,32.918775,34.396988,43.500802,196900.0,507.641032,True,2026-03-17,2108,,
data\markdown\2020-06-22_equity-research-자이에스앤디.md,2020-06-06,2020-06-22,KR,자이에스앤디,317400,KRX,Buy,7056.0,"7,056 원",5840.0,"5,840 원",20.8,2020-06-08,5393.0,2026-06-09,3495.0,-35.19377,down,5.358798,37.993696,66.159837,101.186724,13645.0,153.013165,True,2020-08-04,57,,
data\markdown\2020-10-10_equity-research-디이엔티.md,2020-10-10,2020-10-10,KR,디이엔티,079810,KRX,Buy,13600.0,"13,600 원",9470.0,"9,470 원",43.5,2020-10-12,8359.0,2026-06-09,3665.0,-56.155042,down,8.601507,4.091398,-11.400885,-45.699246,41200.0,392.881924,True,2023-03-03,872,,
data\markdown\2020-10-10_equity-research-엑시콘.md,2020-10-10,2020-10-10,KR,엑시콘,092870,KRX,Buy,28700.0,"28,700원",13800.0,"13,800원",108.0,2020-10-12,12696.0,2026-06-09,26350.0,107.545684,up,6.34058,17.178639,16.800567,-6.561122,41700.0,228.449905,True,2024-03-12,1247,,
data\markdown\2020-10-10_equity-research-이엔드디.md,2020-10-10,2020-10-10,KR,이엔드디,101360,KRX,Buy,39950.0,"39,950 원",25000.0,"25,000 원",59.8,2020-10-12,20659.0,2026-06-09,11810.0,-42.833632,down,3.644901,66.987754,13.243623,42.034948,71296.0,245.108669,True,2023-03-23,892,,
data\markdown\2020-10-10_equity-research-코스맥스.md,2020-10-10,2020-10-10,KR,코스맥스,192820,KRX,Buy,206700.0,"206,700 원",116000.0,"116,000 원",78.2,2020-10-12,123510.0,2026-06-09,165800.0,34.240142,up,-9.920654,-23.650717,-4.364829,7.278763,287000.0,132.369849,True,2024-06-14,1341,,
data\markdown\2020-10-10_equity-research-핌스.md,2020-10-10,2020-10-10,KR,핌스,347770,KRX,Buy,28900.0,"28,900 원",16850.0,"16,850 원",70.0,2020-10-12,5500.0,2026-06-09,1189.0,-78.381818,down,8.472727,-1.218182,0.909091,26.363636,12182.0,121.490909,False,,,,
data\markdown\2020-10-31_equity-research-진성티이씨.md,2020-10-31,2020-10-31,KR,진성티이씨,036890,KRX,Buy,20350.0,"20,350원",9910.0,"9,910원",,2020-11-02,10500.0,2026-06-09,14200.0,35.238095,up,-1.428571,1.904762,50.0,13.333333,21100.0,100.952381,True,2026-05-07,2012,,
data\markdown\2020-10-31_equity-research-이지웰.md,2020-10-31,2020-10-31,KR,이지웰,090850,KRX,Buy,11560.0,11560 원,9610.0,9610 원,20.29,2020-11-02,10500.0,2026-06-09,5320.0,-49.333333,down,-2.380952,1.428571,-6.190476,-6.190476,14800.0,40.952381,True,2020-11-06,4,,
data\markdown\2020-10-31_equity-research-지트리비앤티.md,2020-10-31,2020-10-31,KR,지트리비앤티,115450,KRX,Buy,,,27450.0,"27,450 원",200.7,2020-11-02,11692.0,2026-06-09,2520.0,-78.446801,down,0.350667,-22.280192,-50.008553,-40.335272,16065.0,37.401642,,,,,missing_target_price
data\markdown\2020-10-31_equity-research-에스제이그룹.md,2020-10-31,2020-10-31,KR,에스제이그룹,306040,KRX,Buy,23500.0,"23,500 원",14750.0,"14,750 원",59.3,2020-11-02,14950.0,2026-06-09,2180.0,-85.41806,down,1.003344,7.023411,73.244147,62.876254,32250.0,115.719064,True,2021-02-18,108,,
data\markdown\2020-10-31_equity-research-이지바이오.md,2020-10-31,2020-10-31,KR,이지바이오,353810,KRX,Buy,103500.0,"103,500 원",77000.0,"77,000 원",34.4,2020-11-02,5398.0,2026-06-09,6580.0,21.896999,up,41.904409,23.379029,41.719155,-6.81734,10450.0,93.590219,False,,,,
data\markdown\2020-12-05_equity-research-bili-bili.md,2020-11-14,2020-12-05,US,Bilibili,BILI,NASDAQ,Buy,72.95,72.95,45.9,45.90,59.0,2020-11-16,50.049999,2026-06-09,17.389999,-65.254746,down,56.243753,205.934061,74.805193,71.928081,157.660004,215.005007,True,2020-12-07,21,,
data\markdown\2021-01-16_equity-research-대한유화-3.md,2020-11-28,2021-01-16,KR,대한유화,006650,KRX,Buy,394500.0,"394,500 원",250000.0,"250,000 원",57.8,2020-11-30,244500.0,2026-06-09,118600.0,-51.492843,down,-10.02045,48.670757,9.202454,-30.470348,405500.0,65.848671,True,2021-02-16,78,,
data\markdown\2021-01-16_equity-research-한화솔루션.md,2020-11-28,2021-01-16,KR,한화솔루션,009830,KRX,Buy,60700.0,60700 원,49350.0,49350 원,23.0,2020-11-30,57745.0,2026-06-09,35550.0,-38.436228,down,-5.654169,-2.668629,-2.235691,-27.51407,73283.0,26.907957,True,2021-01-05,36,,
data\markdown\2021-01-16_equity-research-하나머티리얼즈.md,2020-11-28,2021-01-16,KR,하나머티리얼즈,166090,KRX,Buy,40400.0,"40,400 원",24900.0,24900 원,62.25,2020-11-30,24700.0,2026-06-09,63200.0,155.870445,up,7.287449,46.963563,79.554656,142.91498,87900.0,255.870445,True,2021-03-24,114,,
data\markdown\2021-01-16_equity-research-gaztransporttechnigaz.md,2020-11-28,2021-01-16,KR,파이오링크,170790,KRX,Buy,20400.0,"20,400 원",14750.0,"14,750 원",38.3,2020-11-30,14700.0,2026-06-09,8150.0,-44.557823,down,-10.544218,-12.92517,-11.564626,17.006803,19150.0,30.272109,False,,,,
data\markdown\2021-01-16_equity-research-노바텍.md,2020-11-28,2021-01-16,KR,노바텍,285490,KRX,Buy,139200.0,"139,200원",60300.0,"60,300원",131.0,2020-11-30,30333.0,2026-06-09,13810.0,-54.472027,down,10.84957,12.263871,25.312366,19.496918,49505.0,63.20509,False,,,,
data\markdown\2021-04-15_equity-research-쌍용ce.md,2021-04-10,2021-04-15,KR,쌍용C&E,003410,KRX,Buy,10000.0,"10,000 원",7560.0,"7,560 원",32.3,2021-04-12,7650.0,2024-07-08,7000.0,-8.496732,down,2.48366,5.359477,1.830065,6.143791,8680.0,13.464052,False,,,,
data\markdown\2021-04-15_10537-2.md,2021-04-10,2021-04-15,KR,현대제철,004020,KRX,Buy,93800.0,"93,800원",50600.0,"50,600원",,2021-04-12,49900.0,2026-06-09,33450.0,-32.965932,down,20.440882,3.406814,-10.521042,-19.138277,63000.0,26.252505,False,,,,
data\markdown\2021-04-15_equity-research-국도화학-2.md,2021-04-10,2021-04-15,KR,국도화학,007690,KRX,Buy,146000.0,"146,000 원",73100.0,"73,100 원",99.7,2021-04-12,59962.0,2026-06-09,31250.0,-47.88366,down,0.128415,9.707815,20.076048,-2.604983,92600.0,54.43114,False,,,,
data\markdown\2021-04-15_equity-research-대림제지-2.md,2021-04-10,2021-04-15,KR,대림제지,017650,KRX,Buy,21500.0,"21,500원",13800.0,"13,800원",56.0,2021-04-12,13900.0,2026-06-09,8790.0,-36.76259,down,16.906475,3.23741,-24.460432,-23.741007,16500.0,18.705036,False,,,,
data\markdown\2021-04-15_equity-research-인선이엔티-2.md,2021-04-10,2021-04-15,KR,인선이엔티,060150,KRX,Buy,21750.0,"21,750 원",14500.0,14500 원,50.2,2021-04-12,14550.0,2026-06-09,3355.0,-76.941581,down,-2.405498,-11.340206,-10.996564,-22.33677,15000.0,3.092784,False,,,,
data\markdown\2021-05-06_equity-research-바이넥스.md,2021-04-30,2021-05-06,KR,바이넥스,053030,KRX,Buy,43750.0,"43,750 원",28950.0,"28,950 원",51.1,2021-04-30,28950.0,2026-06-09,8100.0,-72.020725,down,-21.070812,-34.02418,-40.932642,-46.11399,31550.0,8.981002,False,,,,
data\markdown\2021-05-06_equity-research-쿠쿠홈시스.md,2021-05-01,2021-05-06,KR,쿠쿠홈시스,003410,KRX,Buy,66500.0,"66,500 원",42200.0,"42,200 원",57.6,2021-05-03,7440.0,2024-07-08,7000.0,-5.913978,down,2.688172,6.989247,3.897849,11.424731,8680.0,16.666667,False,,,,
data\markdown\2021-05-06_equity-research-데브시스터즈.md,2021-05-01,2021-05-06,KR,데브시스터즈,194480,KRX,Buy,198000.0,"198,000 원",114100.0,"114,100 원",73.5,2021-05-03,106200.0,2026-06-09,14230.0,-86.600753,down,7.815443,-22.787194,21.751412,-42.467043,199500.0,87.853107,True,2021-09-27,147,,
data\markdown\2021-05-06_equity-research-솔루엠.md,2021-05-01,2021-05-06,KR,솔루엠,248070,KRX,Buy,36900.0,"36,900원",25050.0,"25,050원",47.0,2021-05-03,24550.0,2026-06-09,17990.0,-26.720978,down,10.590631,23.014257,6.313646,1.221996,33350.0,35.845214,False,,,,
data\markdown\2021-05-06_equity-research-케이씨씨글라스.md,2021-05-01,2021-05-06,KR,케이씨씨글라스,344820,KRX,Buy,108000.0,"108,000원",59600.0,"59,600원",81.2,2021-05-03,59000.0,2026-06-09,22300.0,-62.20339,down,8.644068,25.932203,3.728814,5.423729,81900.0,38.813559,False,,,,
data\markdown\2021-05-31_equity-research-corning.md,2021-05-15,2021-05-31,KR,"170 년 근본 기업, 5G 투자 대장 기업",075580,KRX,Buy,,,,,31.0,2021-05-17,6670.0,2026-06-09,13240.0,98.50075,up,12.293853,-5.547226,-2.998501,-0.5997,27400.0,310.794603,,,,,missing_target_price
data\markdown\2021-05-31_equity-research-cyber-agent.md,2021-05-15,2021-05-31,KR,CyberAgent Inc. (4751.T),075580,KRX,Buy,,,,,,2021-05-17,6670.0,2026-06-09,13240.0,98.50075,up,12.293853,-5.547226,-2.998501,-0.5997,27400.0,310.794603,,,,,missing_target_price
data\markdown\2021-05-31_equity-research-west-fraser-timber-co-ltd.md,2021-05-15,2021-05-31,US,West Fraser Timber Co. Ltd.,WFG,NYSE,Buy,137.0,137 USD,78.0,78 USD,76.0,2021-05-17,71.724762,2026-06-09,65.230003,-9.055114,down,-7.945202,-3.694256,8.902897,13.36568,100.646074,40.322632,False,,,,
data\markdown\2021-06-06_equity-research-시그넷이브이.md,2021-05-28,2021-06-06,KR,시그넷이브이(KONEX: 260870),075580,KRX,,61300.0,"61,300원",61300.0,"61,300원",,2021-05-28,6510.0,2026-06-09,13240.0,103.379416,up,13.056836,-4.147465,-7.066052,3.379416,27400.0,320.890937,False,,,,
data\markdown\2021-06-06_equity-research-에스엘.md,2021-05-29,2021-06-06,KR,에스엘,005850,KRX,Buy,50000.0,"50,000 원",31200.0,"31,200 원",60.3,2021-05-31,33200.0,2026-06-09,65200.0,96.385542,up,7.228916,-17.46988,4.518072,-9.939759,79500.0,139.457831,True,2026-01-16,1691,,
data\markdown\2021-06-06_equity-research-lg유플러스-2.md,2021-05-29,2021-06-06,KR,LG 유플러스,032640,KRX,Buy,26450.0,26450 원,14500.0,14500 원,82.4,2021-05-31,15100.0,2026-06-09,14920.0,-1.192053,down,3.311258,-7.284768,-8.609272,-8.940397,18800.0,24.503311,False,,,,
data\markdown\2021-06-06_equity-research-corning-2.md,2021-05-29,2021-06-06,KR,제이콘텐트리,036420,KRX,Buy,74500.0,"74,500원",53000.0,"53,000원",,2021-05-31,57000.0,2026-06-09,4560.0,-92.0,down,-15.175439,-29.473684,0.877193,-21.403509,85900.0,50.701754,True,2021-11-22,175,,
data\markdown\2021-06-06_equity-research-효성티앤씨.md,2021-05-29,2021-06-06,KR,효성티앤씨,298020,KRX,Buy,975000.0,"975,000 원",710000.0,"710,000 원",37.3,2021-05-31,705000.0,2026-06-09,324500.0,-53.971631,down,19.858156,9.64539,-25.815603,-43.900709,963000.0,36.595745,False,,,,
data\markdown\2021-11-03_equity-research-엔씨소프트.md,2021-10-16,2021-11-03,KR,엔씨소프트,036570,KRX,Sell,372000.0,"372,000 원",607000.0,"607,000 원",-39.0,2021-10-18,596000.0,2026-06-09,264500.0,-55.620805,down,10.738255,-2.181208,-25.0,-43.708054,786000.0,31.879195,True,2021-10-18,0,,
data\markdown\2021-11-03_equity-research-주성엔지니어링.md,2021-10-16,2021-11-03,KR,주성엔지니어링,036930,KRX,Buy,26700.0,"26,700 원",11200.0,"11,200 원",138.4,2021-10-18,11200.0,2026-06-09,191700.0,1611.607143,up,13.392857,110.714286,109.375,7.142857,255000.0,2176.785714,True,2022-03-02,135,,
data\markdown\2021-11-03_equity-research-세경하이테크.md,2021-10-16,2021-11-03,KR,세경하이테크,148150,KRX,Buy,35000.0,"35,000 원",24950.0,"24,950 원",40.0,2021-10-18,8175.0,2026-06-09,3490.0,-57.308869,down,-0.807339,7.143731,-8.159021,-53.06422,13280.0,62.446483,False,,,,
data\markdown\2021-11-03_equity-research-넥스틴.md,2021-10-16,2021-11-03,KR,넥스틴,348210,KRX,Buy,72400.0,"72,400 원",52800.0,"52,800 원",37.0,2021-10-18,52100.0,2026-06-09,57800.0,10.940499,up,0.383877,17.658349,33.589251,-4.798464,100400.0,92.706334,True,2022-04-19,183,,
data\markdown\2021-11-19_equity-research-npc.md,2021-11-06,2021-11-19,KR,NPC,004250,KRX,Buy,9290.0,9290 원,5910.0,5910 원,57.0,2021-11-08,5920.0,2026-06-09,2995.0,-49.408784,down,12.837838,47.128378,87.5,21.959459,13200.0,122.972973,True,2021-12-21,43,,
data\markdown\2021-11-19_equity-research-카카오게임즈.md,2021-11-06,2021-11-19,KR,카카오게임즈,293490,KRX,Buy,151300.0,151.300 원,97900.0,"97,900 원",55.0,2021-11-08,99200.0,2026-06-09,8620.0,-91.310484,down,-9.072581,-25.705645,-41.028226,-60.735887,116000.0,16.935484,False,,,,
data\markdown\2021-11-19_equity-research-하이브.md,2021-11-06,2021-11-19,KR,하이브,352820,KRX,Buy,628000.0,"628,000 원",383500.0,"383,500 원",63.7,2021-11-08,392500.0,2026-06-09,206500.0,-47.388535,down,-14.649682,-33.757962,-37.070064,-68.789809,421500.0,7.388535,False,,,,
data\markdown\2021-11-19_equity-research-원티드랩.md,2021-11-06,2021-11-19,KR,원티드랩,376980,KRX,Buy,50900.0,"50,900 원",35500.0,"35,500 원",43.0,2021-11-08,38350.0,2026-06-09,2100.0,-94.52412,down,-14.993481,-16.818774,-16.558018,-66.362451,43550.0,13.559322,False,,,,
data\markdown\2021-11-30_equity-research-chegg.md,2021-11-20,2021-11-30,US,"Chegg, Inc.",CHGG,NYSE,Buy,43.5,$ 43.50,27.12,$ 27.12,60.0,2021-11-22,25.540001,2026-06-09,1.08,-95.771339,down,16.131554,10.767423,-24.667192,10.767423,37.639999,47.376656,False,,,,
data\markdown\2021-11-30_equity-research-opendoor.md,2021-11-20,2021-11-30,US,"Opendoor Technologies, Inc.",OPEN,NASDAQ,Buy,,,,,,2021-11-22,18.35,2026-06-09,4.1901,-77.165667,down,-23.48774,-41.634878,-62.39782,-90.626703,20.040001,9.209812,,,,,missing_target_price
data\markdown\2021-12-13_equity-research-세아제강지주.md,2021-12-04,2021-12-13,KR,세아제강지주,003030,KRX,Buy,154000.0,"154,000 원",110000.0,"110,000 원",40.0,2021-12-06,113000.0,2026-06-09,133900.0,18.495575,up,-11.504425,19.469027,41.150442,45.132743,292500.0,158.849558,True,2022-04-15,130,,
data\markdown\2021-12-13_equity-research-인텔리안테크.md,2021-12-04,2021-12-13,KR,인텔리안테크,189300,KRX,Buy,122000.0,"122,000 원",80400.0,"80,400 원",52.0,2021-12-06,77931.0,2026-06-09,102000.0,30.885014,up,13.415714,2.980842,11.180403,-9.441686,180200.0,131.230191,True,2026-02-09,1526,,
data\markdown\2021-12-13_equity-research-에스티팜-2.md,2021-12-04,2021-12-13,KR,에스티팜,237690,KRX,Buy,185000.0,"185,000 원",128000.0,"128,000 원",44.5,2021-12-06,131700.0,2026-06-09,118100.0,-10.3265,down,6.074412,-23.917995,-21.03265,-42.369021,172100.0,30.675778,False,,,,
data\markdown\2021-12-13_equity-research-쿠콘.md,2021-12-04,2021-12-13,KR,쿠콘,294570,KRX,Buy,104100.0,"104,100 원",77900.0,"77,900 원",34.0,2021-12-06,78200.0,2026-06-09,21600.0,-72.378517,down,-6.905371,-36.892583,-51.278772,-59.590793,79600.0,1.790281,False,,,,
data\markdown\2021-12-13_equity-research-엔켐.md,2021-12-04,2021-12-13,KR,엔켐,348370,KRX,Buy,174900.0,"174,900 원",108600.0,"108,600 원",61.0,2021-12-06,103000.0,2026-06-09,31550.0,-69.368932,down,-7.378641,-11.650485,-24.854369,-37.378641,394500.0,283.009709,True,2024-01-30,785,,
data\markdown\2022-04-16_equity-research-jyp-ent.md,2022-04-09,2022-04-16,KR,JYP Ent.,035900,KRX,Buy,92400.0,"92,400 원",64700.0,"64,700 원",43.0,2022-04-11,64500.0,2026-06-09,53500.0,-17.054264,down,-12.868217,-17.209302,-12.093023,19.689922,146600.0,127.286822,True,2023-05-02,386,,
data\markdown\2022-04-16_equity-research-국순당.md,2022-04-09,2022-04-16,KR,국순당,043650,KRX,Buy,13250.0,"13,250 원",10750.0,"10,750 원",23.3,2022-04-11,10550.0,2026-06-09,3425.0,-67.535545,down,-5.308057,-16.303318,-30.900474,-36.966825,12950.0,22.748815,False,,,,
data\markdown\2022-04-16_equity-research-롯데렌탈.md,2022-04-09,2022-04-16,KR,롯데렌탈,089860,KRX,Buy,63529.0,"63,529원",,,33.0,2022-04-11,46400.0,2026-06-09,30300.0,-34.698276,down,-8.081897,-21.012931,-29.956897,-43.857759,48000.0,3.448276,False,,,,
data\markdown\2022-04-16_equity-research-인터로조.md,2022-04-09,2022-04-16,KR,인터로조,119610,KRX,Buy,45500.0,"45,500 원",31350.0,"31,350 원",45.0,2022-04-11,24072.0,2026-06-09,17410.0,-27.675307,down,-8.258558,-19.670156,-21.921735,-0.299103,28083.0,16.662512,False,,,,
data\markdown\2022-04-16_equity-research-공구우먼.md,2022-04-09,2022-04-16,KR,공구우먼,366030,KRX,,37400.0,"37,400 원",34600.0,"34,600 원",39.0,2022-04-11,5406.0,2026-06-09,4645.0,-14.076952,down,10.802812,484.535701,46.873844,66.111728,54500.0,908.139105,True,2022-07-05,85,,
data\markdown\2022-05-12_equity-research-벽산-2.md,2022-05-07,2022-05-12,KR,벽산,007210,KRX,Buy,5300.0,"5,300원",,,35.0,2022-05-09,3620.0,2026-06-09,1580.0,-56.353591,down,4.143646,-16.850829,-43.922652,-42.679558,4260.0,17.679558,False,,,,
data\markdown\2022-05-12_equity-research-인바디.md,2022-05-07,2022-05-12,KR,인바디,041830,KRX,Buy,43000.0,"38,300~47,700 원",27550.0,"27,550 원",,2022-05-09,26800.0,2026-06-09,41350.0,54.291045,up,5.970149,-2.61194,-23.134328,8.58209,48900.0,82.462687,True,2026-05-11,1463,,
data\markdown\2022-05-12_equity-research-아이원스.md,2022-05-07,2022-05-12,KR,아이원스,114810,KRX,Buy,16450.0,"16,450 원",9650.0,"9,650 원",70.5,2022-05-09,9360.0,2026-06-09,12840.0,37.179487,up,-0.961538,-10.25641,-27.457265,-13.141026,19900.0,112.606838,True,2025-11-05,1276,,
data\markdown\2022-05-12_equity-research-애니플러스.md,2022-05-07,2022-05-12,KR,애니플러스,310200,KRX,Buy,5310.0,"5,310 원",4215.0,"4,215 원",26.0,2022-05-09,3965.0,2026-06-09,2200.0,-44.514502,down,-9.709962,-19.419924,-26.355612,6.052963,6430.0,62.168979,True,2023-02-01,268,,
data\markdown\2022-05-12_equity-research-골프존-2.md,2022-05-11,2022-05-12,KR,골프존,215000,KRX,Buy,268300.0,"268,300 원",179000.0,"179,000 원",50.0,2022-05-11,179000.0,2026-06-09,44550.0,-75.111732,down,-10.670391,-23.687151,-38.044693,-32.458101,183100.0,2.290503,False,,,,
data\markdown\2022-05-25_equity-research-graftech-international-ltd.md,2022-05-21,2022-05-25,US,GrafTech International Ltd.,EAF,NYSE,Buy,13.1,$ 13.10,8.25,$ 8.25,59.0,2022-05-23,81.186615,2026-06-09,8.1,-90.022985,down,-7.830694,-16.26529,-48.45469,-44.696419,91.998159,13.316905,True,2022-05-23,0,,
data\markdown\2022-05-25_equity-research-scorpio-tankers-inc.md,2022-05-21,2022-05-25,US,Scorpio Tankers Inc.,STNG,NYSE,Buy,44.66,$ 44.66,29.11,$ 29.11,,2022-05-23,28.244654,2026-06-09,76.699997,171.555806,up,10.359377,27.912075,62.181739,63.156569,86.862848,207.537309,True,2022-10-17,147,,
data\markdown\2022-06-08_equity-research-동아쏘시오홀딩스.md,2022-06-02,2022-06-08,KR,동아쏘시오홀딩스,000640,KRX,Buy,155500.0,"155,500 원",107000.0,"107,000 원",45.0,2022-06-02,100950.0,2026-06-09,83200.0,-17.582962,down,-4.673601,1.402675,-4.206043,-16.1684,121887.0,20.73997,False,,,,
data\markdown\2022-06-08_equity-research-영원무역홀딩스.md,2022-06-02,2022-06-08,KR,영원무역홀딩스,009970,KRX,Buy,,,,,47.0,2022-06-02,57700.0,2026-06-09,182400.0,216.117851,up,-16.464471,-8.318891,-2.599653,19.930676,262000.0,354.07279,,,,,missing_target_price
data\markdown\2022-06-08_equity-research-dl.md,2022-06-03,2022-06-08,KR,DL,000210,KRX,Buy,102000.0,"102,000 원",68000.0,"68,000 원",50.0,2022-06-03,69200.0,2026-06-09,47150.0,-31.864162,down,3.034682,-5.057803,-0.578035,-32.947977,77700.0,12.283237,False,,,,
data\markdown\2022-06-08_equity-research-ls.md,2022-06-03,2022-06-08,KR,LS,006260,KRX,Buy,163000.0,"163,000 원",66700.0,"66,700 원",144.4,2022-06-03,68300.0,2026-06-09,387500.0,467.349927,up,-6.442167,-5.710102,10.102489,21.669107,604000.0,784.333821,True,2024-05-17,714,,
data\markdown\2022-06-08_equity-research-티와이홀딩스.md,2022-06-03,2022-06-08,KR,티와이홀딩스,363280,KRX,Buy,38100.0,"38,100원",25300.0,"25,300원",51.0,2022-06-03,25450.0,2026-06-09,1921.0,-92.451866,down,-26.32613,-34.97053,-51.866405,-59.724951,25700.0,0.982318,False,,,,
data\markdown\2022-10-13_equity-research-아프리카tv.md,2022-10-07,2022-10-13,KR,아프리카TV,067160,KRX,Buy,101500.0,"101,500 원",75500.0,"75,500 원",34.0,2022-10-07,75500.0,2026-06-09,46500.0,-38.410596,down,-9.006623,1.986755,14.437086,5.827815,143800.0,90.463576,True,2024-01-08,458,,
data\markdown\2022-10-13_equity-research-아이씨에이치.md,2022-10-07,2022-10-13,KR,아이씨에이치,368600,KRX,Buy,31100.0,"31,100원",,,18.0,2022-10-07,7887.0,2026-06-09,744.0,-90.566755,down,-6.973501,-20.882465,-22.936478,-52.123748,9116.0,15.582604,False,,,,
data\markdown\2022-10-13_equity-research-나스미디어.md,2022-10-08,2022-10-13,KR,나스미디어,089600,KRX,Buy,45500.0,"45,500 원",29550.0,"29,550 원",54.0,2022-10-11,24752.0,2026-06-09,10060.0,-59.35682,down,11.231416,-1.624111,-2.634131,-26.228184,32272.0,30.381383,False,,,,
data\markdown\2022-10-13_equity-research-바이오플러스.md,2022-10-08,2022-10-13,KR,바이오플러스,099430,KRX,Buy,31800.0,"31,800 원",29100.0,"29,100 원",,2022-10-11,6707.0,2026-06-09,4695.0,-29.998509,down,16.04294,7.797823,0.790219,2.579395,9450.0,40.89757,False,,,,
data\markdown\2022-10-13_equity-research-hpsp.md,2022-10-08,2022-10-13,KR,HPSP,403870,KRX,Buy,89100.0,"89,100 원",57500.0,"57,500 원",55.0,2022-10-11,14025.0,2026-06-09,57000.0,306.417112,up,13.903743,-1.069519,65.775401,126.737968,67800.0,383.42246,False,,,,
data\markdown\2022-11-13_equity-research-이랜텍.md,2022-11-04,2022-11-13,KR,이랜텍,054210,KRX,Buy,17500.0,"17,500 원",12250.0,"12,250 원",43.0,2022-11-04,12250.0,2026-06-09,8760.0,-28.489796,down,4.897959,25.877551,4.081633,-24.979592,16130.0,31.673469,False,,,,
data\markdown\2022-11-13_equity-research-우리금융지주.md,2022-11-04,2022-11-13,KR,우리금융지주,316140,KRX,Buy,14700.0,"14,700 원",11450.0,"11,450 원",28.4,2022-11-04,11450.0,2026-06-09,30000.0,162.008734,up,11.353712,9.606987,0.960699,6.026201,41500.0,262.445415,True,2024-02-02,455,,
data\markdown\2022-11-13_equity-research-현대에너지솔루션.md,2022-11-04,2022-11-13,KR,현대에너지솔루션,322000,KRX,Buy,82700.0,"82,700 원",56600.0,"56,600 원",46.0,2022-11-04,56600.0,2026-06-09,144000.0,154.416961,up,11.660777,-4.416961,-26.060071,-59.452297,256000.0,352.29682,True,2026-02-05,1189,,
data\markdown\2022-11-13_equity-research-이수페타시스-2.md,2022-11-05,2022-11-13,KR,이수페타시스,007660,KRX,Buy,7600.0,"7,600 원",5480.0,"5,480 원",38.7,2022-11-07,5387.0,2026-06-09,115800.0,2049.619454,up,12.455912,32.856878,68.238352,327.844812,164400.0,2951.79135,True,2023-01-31,85,,
data\markdown\2022-11-13_equity-research-s-oil-3.md,2022-11-05,2022-11-13,KR,S-OIL,010950,KRX,Buy,122500.0,"122,500 원",91800.0,"91,800 원",33.0,2022-11-07,94900.0,2026-06-09,110900.0,16.859852,up,-8.219178,-8.429926,-23.709168,-28.661749,177100.0,86.617492,True,2026-03-03,1212,,
data\markdown\2022-11-25_equity-research-mp-materials.md,2022-11-18,2022-11-25,US,MP Materials Corp.,MP,NYSE,Buy,51.4,$ 51.40,32.47,$ 32.47,58.3,2022-11-18,32.68,2026-06-09,53.52,63.76989,up,-12.454099,3.029369,-32.405141,-50.489596,100.250999,206.765601,True,2025-07-15,970,,
data\markdown\2022-11-25_equity-research-noble-corporation-plc.md,2022-11-18,2022-11-25,US,Noble Corporation Plc.,NE,NYSE,Buy,47.16,$ 47.16,38.26,$ 38.26,23.0,2022-11-18,32.676113,2026-06-09,45.465,39.138336,up,-9.853632,12.388921,-1.777314,23.596861,54.390717,66.454061,True,2023-09-05,291,,
data\markdown\2022-11-25_equity-research-wolfspeed.md,2022-11-18,2022-11-25,US,Wolfspeed,WOLF,NYSE,Buy,109.68,$ 109.68,88.06,$ 88.06,24.6,2025-09-29,22.1,2026-06-09,46.790001,111.719458,up,,,,,80.82,265.70135,False,,,,
data\markdown\2022-11-25_equity-research-arista-networks.md,2022-11-19,2022-11-25,US,Arista Networks,ANET,NYSE,Buy,184.525,$167.75 - $201.30,,,,2022-11-21,33.6525,2026-06-09,147.630005,338.68956,up,-8.959214,2.689247,5.088779,59.445809,179.800003,434.284235,False,,,,
data\markdown\2022-12-08_equity-research-포스코홀딩스.md,2022-12-02,2022-12-08,KR,POSCO홀딩스,005490,KRX,Buy,365000.0,"365,000 원",295000.0,"295,000 원",24.0,2022-12-02,295000.0,2026-06-09,364500.0,23.559322,up,-6.271186,14.237288,22.033898,60.677966,764000.0,158.983051,True,2023-03-31,119,,
data\markdown\2022-12-08_equity-research-snt에너지.md,2022-12-02,2022-12-08,KR,SNT에너지,100840,KRX,Buy,35500.0,"35,500 원",22850.0,"22,850 원",55.4,2022-12-02,8293.0,2026-06-09,32150.0,287.676354,up,-18.376944,-14.964428,-5.474497,-6.788858,67900.0,718.762812,True,2025-03-05,824,,
data\markdown\2022-12-08_equity-research-삼성엔지니어링.md,2022-12-03,2022-12-08,KR,삼성엔지니어링,028050,KRX,Buy,33800.0,"33,800 원",23700.0,"23,700 원",43.0,2022-12-05,23750.0,2026-06-09,46450.0,95.578947,up,-3.157895,13.894737,18.947368,4.210526,67300.0,183.368421,True,2023-07-12,219,,
data\markdown\2022-12-08_equity-research-한국항공우주.md,2022-12-03,2022-12-08,KR,한국항공우주,047810,KRX,Buy,67000.0,"67,000 원",47000.0,"47,000 원",42.6,2022-12-05,46700.0,2026-06-09,127700.0,173.447537,up,5.460385,-3.426124,10.706638,2.569593,215500.0,361.456103,True,2024-11-11,707,,
data\markdown\2022-12-08_equity-research-셀트리온-3.md,2022-12-03,2022-12-08,KR,셀트리온,068270,KRX,Buy,222000.0,"222,000 원",174000.0,"174,000 원",28.0,2022-12-05,146548.0,2026-06-09,170000.0,16.002948,up,-4.264814,-9.889592,4.949914,-2.410132,239244.0,63.252996,True,2026-02-09,1162,,
data\markdown\2023-04-13_equity-research-아스플로.md,2023-04-07,2023-04-13,KR,아스플로,159010,KRX,Buy,20300.0,"20,300 원",13500.0,"13,500 원",50.0,2023-04-07,13500.0,2026-06-09,18260.0,35.259259,up,-4.222222,6.740741,-21.703704,-13.259259,19600.0,45.185185,False,,,,
data\markdown\2023-04-13_equity-research-큐브엔터.md,2023-04-07,2023-04-13,KR,큐브엔터,182360,KRX,Buy,41900.0,"41,900 원",24200.0,"24,200 원",73.2,2023-04-07,24200.0,2026-06-09,6200.0,-74.380165,down,5.165289,-4.338843,-18.512397,-31.07438,28200.0,16.528926,False,,,,
data\markdown\2023-04-13_equity-research-글로벌텍스프리-2.md,2023-04-07,2023-04-13,KR,글로벌텍스프리,204620,KRX,Buy,3800.0,"3,800 원",3800.0,"3,800 원",78.0,2023-04-07,3304.0,2026-06-09,4810.0,45.581114,up,9.200969,-3.1477,44.733656,63.16586,7830.0,136.985472,True,2023-04-17,10,,
data\markdown\2023-04-13_equity-research-파마리서치.md,2023-04-07,2023-04-13,KR,파마리서치,214450,KRX,Buy,111300.0,"111,300원",,,,2023-04-07,86800.0,2026-06-09,276000.0,217.97235,up,16.24424,48.847926,37.327189,30.875576,713000.0,721.428571,True,2023-05-16,39,,
data\markdown\2023-04-13_equity-research-jtc.md,2023-04-07,2023-04-13,KR,JTC,950170,KRX,Buy,7100.0,"7,100 원",4075.0,"4,075 원",74.0,2023-04-07,4075.0,2026-06-09,4810.0,18.03681,up,8.711656,-2.944785,-9.815951,17.055215,7520.0,84.539877,True,2025-07-02,817,,
data\markdown\2023-05-11_equity-research-태광-2.md,2023-05-05,2023-05-11,KR,태광,023160,KRX,Buy,28840.0,"28,840 원",18120.0,"18,120 원",59.0,2023-05-08,18850.0,2026-06-09,27350.0,45.092838,up,-4.880637,5.411141,-19.787798,-34.854111,51300.0,172.148541,True,2025-09-10,856,,
data\markdown\2023-05-11_equity-research-태웅-3.md,2023-05-05,2023-05-11,KR,태웅,044490,KRX,Buy,28600.0,"28,600 원",13700.0,"13,700 원",109.0,2023-05-08,13880.0,2026-06-09,30900.0,122.622478,up,4.610951,20.461095,11.599424,55.619597,61300.0,341.642651,True,2025-06-02,756,,
data\markdown\2023-05-11_equity-research-sk디앤디-2.md,2023-05-05,2023-05-11,KR,SK디앤디,210980,KRX,Buy,38000.0,"38,000 원",22300.0,"22,300 원",70.0,2023-05-08,12696.0,2026-06-09,11320.0,-10.838059,down,-4.245432,-8.034026,21.873031,-5.797101,19667.0,54.907057,False,,,,
data\markdown\2023-05-11_equity-research-레이.md,2023-05-05,2023-05-11,KR,레이,228670,KRX,Buy,73700.0,"73,700 원",34550.0,"34,550 원",113.0,2023-05-08,32750.0,2026-06-09,4545.0,-86.122137,down,12.061069,17.709924,-40.335878,-59.236641,42150.0,28.70229,False,,,,
data\markdown\2023-05-11_equity-research-진시스템.md,2023-05-05,2023-05-11,KR,진시스템,363250,KRX,Buy,32800.0,"32,800 원",17990.0,"17,990 원",82.0,2023-05-08,17100.0,2026-06-09,3685.0,-78.450292,down,32.45614,43.859649,-21.403509,-64.736842,32000.0,87.134503,False,,,,
data\markdown\2023-05-25_equity-research-jw중외제약.md,2023-05-19,2023-05-25,KR,JW중외제약,001060,KRX,Buy,35600.0,"35,600 원",24600.0,"24,600 원",45.0,2023-05-19,24128.0,2026-06-09,26100.0,8.173077,up,-6.506963,95.12185,7.518236,27.445292,51492.0,113.411804,True,2023-07-18,60,,
data\markdown\2023-05-25_equity-research-루닛.md,2023-05-19,2023-05-25,KR,루닛,328130,KRX,Buy,122700.0,"122,700원",68800.0,"68,800 원",156.0,2023-05-19,15569.0,2026-06-09,14630.0,-6.031216,down,44.76845,122.397071,185.715203,64.686235,63253.0,306.275291,False,,,,
data\markdown\2023-05-25_equity-research-기가비스.md,2023-05-19,2023-05-25,KR,기가비스,420770,KRX,Buy,84800.0,"84,800 원",,,97.0,2023-05-24,79000.0,2026-06-09,124700.0,57.848101,up,-8.860759,6.835443,-21.64557,-21.265823,158000.0,100.0,True,2023-05-24,0,,
data\markdown\2023-05-25_equity-research-bank-of-america-corp.md,2023-05-20,2023-05-25,US,Bank of America Corp,BAC,NYSE,Buy,33.17,$33.17,28.47,28.47$,16.5,2023-05-22,26.081665,2026-06-09,53.904999,106.677751,up,3.821196,3.536663,5.941597,43.033971,56.930687,118.278578,True,2024-03-04,287,,
data\markdown\2023-06-09_equity-research-di동일.md,2023-06-01,2023-06-09,KR,DI동일,001530,KRX,Buy,30700.0,"30,700 원",20500.0,"20,500 원",50.0,2023-06-01,18331.0,2026-06-09,22300.0,21.651847,up,2.934919,15.858382,54.645137,24.052152,48096.0,162.375211,True,2024-09-20,477,,
data\markdown\2023-06-09_equity-research-롯데웰푸드.md,2023-06-01,2023-06-09,KR,롯데웰푸드,280360,KRX,Buy,18269.0,"18,269원",107000.0,"107,000 원",106.0,2023-06-01,107000.0,2026-06-09,104300.0,-2.523364,down,-5.233645,4.205607,21.214953,34.579439,208500.0,94.859813,True,2023-06-01,0,,
data\markdown\2023-06-09_equity-research-제이시스메디칼.md,2023-06-01,2023-06-09,KR,제이시스메디칼,287410,KRX,Buy,15420.0,"15,420원",,,61.8,2023-06-01,9530.0,2024-11-06,12900.0,35.362015,up,8.604407,41.657922,19.202518,24.029381,14500.0,52.151102,False,,,,
data\markdown\2023-06-09_equity-research-메쎄이상.md,2023-06-01,2023-06-09,KR,메쎄이상,408920,KRX,Buy,4620.0,"4,620원",2825.0,"2,825 원",63.0,2023-06-01,2825.0,2026-06-09,3015.0,6.725664,up,10.619469,6.017699,-5.132743,-14.513274,4385.0,55.221239,False,,,,
data\markdown\2023-06-09_equity-research-현대그린푸드-2.md,2023-06-01,2023-06-09,KR,현대그린푸드,453340,KRX,Buy,21600.0,"21,600 원",11910.0,"11,910 원",81.0,2023-06-01,11910.0,2026-06-09,17010.0,42.821159,up,7.13686,4.869857,-3.778338,1.007557,19690.0,65.323258,False,,,,
data\markdown\2023-10-19_equity-research-코세스.md,2023-10-12,2023-10-19,KR,코세스,089890,KRX,Buy,18600.0,"18,600 원",9600.0,9.600 원,94.0,2023-10-12,9840.0,2026-06-09,35900.0,264.837398,up,4.166667,19.004065,46.849593,-4.166667,51400.0,422.357724,True,2024-01-25,105,,
data\markdown\2023-10-19_equity-research-sk하이닉스-2.md,2023-10-13,2023-10-19,KR,SK하이닉스,000660,KRX,Buy,164600.0,"164,600 원",124700.0,"124,700 원",32.0,2023-10-13,124700.0,2026-06-09,2215000.0,1676.263031,up,4.651163,9.061748,46.672013,49.157979,2407000.0,1830.232558,True,2024-02-23,133,,
data\markdown\2023-10-19_equity-research-에이디테크놀로지.md,2023-10-13,2023-10-19,KR,에이디테크놀로지,200710,KRX,Buy,75100.0,"75,100 원",23200.0,"23,200 원",224.0,2023-10-13,23200.0,2026-06-09,36600.0,57.758621,up,4.956897,27.801724,71.12069,-24.612069,62000.0,167.241379,False,,,,
data\markdown\2023-10-19_equity-research-하이브-2.md,2023-10-13,2023-10-19,KR,하이브,352820,KRX,Buy,334500.0,"334,500 원",244500.0,"244,500 원",37.0,2023-10-13,244500.0,2026-06-09,206500.0,-15.541922,down,-13.292434,4.703476,-11.451943,-27.97546,405500.0,65.848671,True,2025-10-31,749,,
data\markdown\2023-10-19_equity-research-hd현대일렉트릭.md,2023-10-14,2023-10-19,KR,HD현대일렉트릭,267260,KRX,Buy,140100.0,"140,100 원",71600.0,"71,600 원",96.0,2023-10-16,73000.0,2026-06-09,944000.0,1193.150685,up,15.616438,27.260274,217.808219,321.917808,1430000.0,1858.90411,True,2024-02-26,133,,
data\markdown\2023-11-12_equity-research-lx인터내셔널.md,2023-11-03,2023-11-12,KR,LX인터내셔널,001120,KRX,Buy,26300.0,"26,300 원",52800.0,"52,800 원",101.0,2023-11-03,26300.0,2026-06-09,38800.0,47.528517,up,12.547529,11.21673,6.463878,13.878327,57700.0,119.391635,True,2023-11-03,0,,
data\markdown\2023-11-12_equity-research-두산테스나.md,2023-11-03,2023-11-12,KR,두산테스나,131970,KRX,Buy,66500.0,"66,500 원",52500.0,"52,500 원",27.0,2023-11-03,52500.0,2026-06-09,125300.0,138.666667,up,17.142857,-15.52381,-6.571429,-44.190476,196900.0,275.047619,True,2026-01-28,817,,
data\markdown\2023-11-12_equity-research-효성티앤씨-2.md,2023-11-03,2023-11-12,KR,효성티앤씨,298020,KRX,Buy,514000.0,"514,000 원",364500.0,"364,500 원",41.0,2023-11-03,364500.0,2026-06-09,324500.0,-10.973937,down,4.938272,-17.695473,0.960219,-16.872428,557000.0,52.812071,True,2026-04-15,894,,
data\markdown\2023-11-12_equity-research-dl이앤씨.md,2023-11-03,2023-11-12,KR,DL이앤씨,375500,KRX,Buy,82600.0,"82,600 원",34800.0,"34,800 원",131.0,2023-11-03,35750.0,2026-06-09,69600.0,94.685315,up,6.153846,20.559441,4.615385,-12.727273,106600.0,198.181818,True,2026-04-08,887,,
data\markdown\2023-11-12_equity-research-파두.md,2023-11-03,2023-11-12,KR,파두,440110,KRX,Neutral,,,33550.0,"33,550 원",90.0,2023-11-03,33550.0,2026-06-09,103200.0,207.600596,up,-41.579732,-38.748137,-42.980626,-41.937407,129400.0,285.692996,,,,,missing_target_price
data\markdown\2023-11-22_equity-research-eli-lilly-co.md,2023-11-17,2023-11-22,US,Eli Lilly & Co,LLY,NYSE,,745.2,$745.2,,,,2023-11-17,581.547424,2026-06-09,1139.515015,95.945329,up,-3.324271,28.290589,33.467964,26.93213,1182.72998,103.37636,True,2024-02-14,89,,
data\markdown\2023-11-22_equity-research-vertiv-holdings-co.md,2023-11-17,2023-11-22,US,Vertiv Holdings Co,VRT,NYSE,Buy,61.97,$61.97,42.84,$ 42.84,,2023-11-17,43.142502,2026-06-09,280.799988,550.866259,up,10.317495,45.240968,141.841619,179.615649,379.934998,780.651287,True,2024-02-02,77,,
data\markdown\2023-12-06_equity-research-화승인더-2.md,2023-11-29,2023-12-06,KR,화승인더,006060,KRX,Buy,6700.0,"6,700 원",3505.0,"3,505 원",91.0,2023-11-29,3505.0,2026-06-09,2670.0,-23.82311,down,-1.426534,-8.844508,14.978602,20.542083,5310.0,51.49786,False,,,,
data\markdown\2023-12-06_equity-research-아난티.md,2023-11-29,2023-12-06,KR,아난티,025980,KRX,Buy,12700.0,"12,700 원",6520.0,"6,520 원",95.0,2023-11-29,6520.0,2026-06-09,4465.0,-31.518405,down,0.153374,-4.141104,-6.441718,-16.564417,11850.0,81.748466,False,,,,
data\markdown\2023-12-06_equity-research-비에이치-2.md,2023-11-29,2023-12-06,KR,비에이치,090460,KRX,Buy,31000.0,"31,000 원",21250.0,"21,250 원",46.0,2023-11-29,21250.0,2026-06-09,27150.0,27.764706,up,-0.470588,-19.529412,10.117647,-19.717647,43400.0,104.235294,True,2026-04-17,870,,
data\markdown\2023-12-06_equity-research-코스맥스-2.md,2023-11-29,2023-12-06,KR,코스맥스,192820,KRX,Buy,142000.0,"142,000 원",112500.0,"112,500 원",26.0,2023-11-29,112500.0,2026-06-09,165800.0,47.377778,up,12.355556,-4.977778,47.466667,21.777778,287000.0,155.111111,True,2024-04-30,153,,
data\markdown\2023-12-06_equity-research-동진쎄미켐.md,2023-11-30,2023-12-06,KR,동진쎄미켐,005290,KRX,Buy,62950.0,"62,950 원",37350.0,"37,350 원",69.0,2023-11-30,38450.0,2026-06-09,53600.0,39.401821,up,0.650195,-4.291287,15.344603,-43.172952,72200.0,87.776333,True,2026-04-23,875,,
data\markdown\2024-04-17_equity-research-현대차-2.md,2024-04-12,2024-04-17,KR,현대차,005380,KRX,Buy,314900.0,"314,900 원",238000.0,"238,000 원",32.0,2024-04-12,238000.0,2026-06-09,639000.0,168.487395,up,1.470588,17.016807,3.361345,-25.420168,783000.0,228.991597,True,2025-12-05,602,,
data\markdown\2024-04-17_equity-research-한전기술-2.md,2024-04-12,2024-04-17,KR,한전기술,052690,KRX,Buy,95000.0,"95,000 원",58800.0,"58,800 원",61.6,2024-04-12,58800.0,2026-06-09,120300.0,104.591837,up,13.435374,19.897959,12.585034,-5.442177,198000.0,236.734694,True,2024-07-18,97,,
data\markdown\2024-04-17_equity-research-한양디지텍.md,2024-04-12,2024-04-17,KR,한양디지텍,078350,KRX,Buy,47800.0,"47,800 원",22200.0,"22,200 원",115.3,2024-04-12,22200.0,2026-06-09,25200.0,13.513514,up,17.342342,0.225225,-39.459459,-56.936937,44300.0,99.54955,False,,,,
data\markdown\2024-04-17_equity-research-한화오션.md,2024-04-13,2024-04-17,KR,한화오션,042660,KRX,Buy,,,28500.0,"28,500 원",91.0,2024-04-15,29650.0,2026-06-09,102200.0,244.688027,up,11.973019,0.84317,6.913997,161.720067,154800.0,422.091062,,,,,missing_target_price
data\markdown\2024-04-17_equity-research-에스티팜-3.md,2024-04-13,2024-04-17,KR,에스티팜,237690,KRX,Buy,114301.0,"114,301원",83300.0,"83,300 원",37.2,2024-04-15,82400.0,2026-06-09,118100.0,43.325243,up,10.679612,15.048544,28.762136,-7.645631,172100.0,108.859223,True,2024-08-26,133,,
data\markdown\2024-05-09_equity-research-율촌화학.md,2024-05-02,2024-05-09,KR,율촌화학,008730,KRX,Buy,69000.0,"69,000 원",32350.0,"32,350 원",113.29,2024-05-02,33450.0,2026-06-09,17210.0,-48.550075,down,4.185351,-26.90583,-15.54559,-18.535127,42700.0,27.653214,False,,,,
data\markdown\2024-05-09_equity-research-롯데관광개발.md,2024-05-03,2024-05-09,KR,롯데관광개발,032350,KRX,Buy,19220.0,"19,220 원",10150.0,"10,150 원",89.4,2024-05-03,10150.0,2026-06-09,17320.0,70.640394,up,6.79803,-4.334975,-5.418719,7.093596,27700.0,172.906404,True,2025-09-18,503,,
data\markdown\2024-05-09_equity-research-데브시스터즈-2.md,2024-05-03,2024-05-09,KR,데브시스터즈,194480,KRX,Buy,87700.0,"87,700 원",47100.0,"47,100 원",86.0,2024-05-03,47100.0,2026-06-09,14230.0,-69.787686,down,11.889597,7.218684,-22.929936,-14.33121,76300.0,61.995754,False,,,,
data\markdown\2024-05-09_equity-research-알테오젠.md,2024-05-03,2024-05-09,KR,알테오젠,196170,KRX,Buy,242200.0,"242,200 원",180800.0,"180,800 원",34.0,2024-05-03,177200.0,2026-06-09,326500.0,84.255079,up,4.909707,80.022573,113.882619,101.185102,569000.0,221.106095,True,2024-06-05,33,,
data\markdown\2024-05-09_equity-research-에이피알.md,2024-05-03,2024-05-09,KR,에이피알,278470,KRX,Buy,414000.0,"414,000 원",297000.0,"297,000 원",39.4,2024-05-03,59400.0,2026-06-09,405000.0,581.818182,up,24.410774,-15.993266,-10.26936,28.282828,473000.0,696.296296,True,2026-04-16,713,,
data\markdown\2024-05-24_equity-research-fluence-energy-inc.md,2024-05-17,2024-05-24,US,Fluence Energy Inc,FLNC,NASDAQ,Buy,32.89,$32.89,,,,2024-05-17,18.32,2026-06-09,23.3899,27.67413,up,11.517471,-4.803489,10.371177,-70.496723,33.509998,82.914841,True,2026-01-30,623,,
data\markdown\2024-05-24_equity-research-intuitive-surgical.md,2024-05-17,2024-05-24,US,"Intuitive Surgical, Inc.",ISRG,NASDAQ,Buy,523.8,$523.8,396.43,$396.43,32.1,2024-05-17,398.820007,2026-06-09,423.309998,6.140612,up,6.75994,20.397674,34.569478,41.316876,616.0,54.455641,True,2024-11-06,173,,
data\markdown\2024-05-24_equity-research-palantir-technologies-inc.md,2024-05-17,2024-05-24,US,Palantir Technologies Inc.,PLTR,NYSE,Buy,40.89,$40.89,21.65,$21.65,88.9,2024-05-17,21.76,2026-06-09,129.475006,495.013809,up,8.318012,43.47426,178.952206,495.220602,207.520004,853.67648,True,2024-10-08,144,,
data\markdown\2024-06-07_equity-research-넥센.md,2024-05-30,2024-06-07,KR,넥센,005720,KRX,Buy,6080.0,"6,080 원",4435.0,"4,435 원",33.0,2024-05-30,4435.0,2026-06-09,6100.0,37.542277,up,9.131905,6.200676,3.720406,31.228861,8090.0,82.412627,True,2025-06-04,370,,
data\markdown\2024-06-07_equity-research-kg스틸.md,2024-05-30,2024-06-07,KR,KG스틸,016380,KRX,Buy,9600.0,"9,600 원",6790.0,"6,790 원",41.0,2024-05-30,6790.0,2026-06-09,5370.0,-20.913108,down,-6.627393,-15.758468,-2.945508,-6.774669,7900.0,16.34757,False,,,,
data\markdown\2024-06-07_equity-research-케이씨.md,2024-05-30,2024-06-07,KR,케이씨,029460,KRX,Buy,28100.0,"28,100 원",21550.0,"21,550 원",30.39,2024-05-30,21550.0,2026-06-09,30800.0,42.923434,up,-4.408353,-8.723898,-16.983759,3.24826,43000.0,99.535963,True,2025-10-02,490,,
data\markdown\2024-06-07_equity-research-쿠쿠홀딩스.md,2024-05-30,2024-06-07,KR,쿠쿠홀딩스,192400,KRX,Buy,28900.0,"28,900 원",21350.0,"21,350 원",35.4,2024-05-30,21350.0,2026-06-09,24450.0,14.519906,up,3.981265,5.854801,6.323185,40.515222,35900.0,68.149883,True,2025-05-20,355,,
data\markdown\2024-06-07_equity-research-오리온-2.md,2024-05-30,2024-06-07,KR,오리온,271560,KRX,Buy,116200.0,"116,200 원",92100.0,"92,100 원",26.0,2024-05-30,92100.0,2026-06-09,132900.0,44.299674,up,0.108578,1.737242,9.337676,19.869707,150100.0,62.975027,True,2025-03-19,293,,
data\markdown\2024-10-17_equity-research-soop.md,2024-10-11,2024-10-17,KR,SOOP,067160,KRX,Buy,182500.0,"182,500 원",96200.0,"96,200 원",93.53,2024-10-11,96200.0,2026-06-09,46500.0,-51.663202,down,-3.222453,-1.247401,-18.295218,-22.869023,135900.0,41.268191,False,,,,
data\markdown\2024-10-17_equity-research-씨에스윈드.md,2024-10-11,2024-10-17,KR,씨에스윈드,112610,KRX,Buy,134400.0,"134,400 원",61500.0,"61,500 원",118.5,2024-10-11,61500.0,2026-06-09,40350.0,-34.390244,down,-23.98374,-33.089431,-50.487805,-30.406504,79400.0,29.105691,False,,,,
data\markdown\2024-10-17_equity-research-인카금융서비스.md,2024-10-11,2024-10-17,KR,인카금융서비스,211050,KRX,Buy,8100.0,"8,100원",,,,2024-10-11,5080.0,2026-06-09,9330.0,83.661417,up,4.92126,3.149606,34.055118,142.125984,17330.0,241.141732,True,2025-04-29,200,,
data\markdown\2024-10-17_equity-research-크래프톤.md,2024-10-11,2024-10-17,KR,크래프톤,259960,KRX,Buy,600500.0,"600,500원",331500.0,"331,500 원",81.0,2024-10-11,331500.0,2026-06-09,244500.0,-26.244344,down,-1.960784,-1.659125,6.93816,-8.898944,393000.0,18.552036,False,,,,
data\markdown\2024-10-17_equity-research-hdc현대산업개발.md,2024-10-12,2024-10-17,KR,HDC현대산업개발,294870,KRX,Buy,35600.0,"35,600 원",22150.0,"22,150 원",61.0,2024-10-14,21700.0,2026-06-09,19800.0,-8.75576,down,-6.451613,-19.861751,-1.152074,-6.221198,27850.0,28.341014,False,,,,
data\markdown\2024-11-07_equity-research-현대모비스-2.md,2024-11-01,2024-11-07,KR,현대모비스,012330,KRX,Buy,386100.0,"386,100 원",248500.0,"248,500 원",55.0,2024-11-01,248500.0,2026-06-09,595000.0,139.43662,up,-3.62173,6.036217,7.645875,27.162978,822000.0,230.784708,True,2026-01-06,431,,
data\markdown\2024-11-07_equity-research-한국전력-2.md,2024-11-01,2024-11-07,KR,한국전력,015760,KRX,Buy,37630.0,"37,630 원",23050.0,"23,050 원",63.25,2024-11-01,23050.0,2026-06-09,36100.0,56.616052,up,3.687636,-8.893709,11.279826,84.598698,69500.0,201.518438,True,2025-06-25,236,,
data\markdown\2024-11-07_equity-research-브이티.md,2024-11-01,2024-11-07,KR,브이티,018290,KRX,Buy,55700.0,"55,700 원",32500.0,"32,500 원",71.0,2024-11-01,32500.0,2026-06-09,12420.0,-61.784615,down,-10.461538,1.538462,17.846154,-23.076923,45550.0,40.153846,False,,,,
data\markdown\2024-11-07_equity-research-에스트래픽.md,2024-11-02,2024-11-07,KR,에스트래픽,234300,KRX,Buy,6900.0,"6,900 원",4150.0,"4,150 원",66.0,2024-11-04,4240.0,2026-06-09,2860.0,-32.54717,down,-9.90566,-1.650943,-6.839623,-13.679245,4440.0,4.716981,False,,,,
data\markdown\2024-11-07_equity-research-티엘비.md,2024-11-06,2024-11-07,KR,티엘비,356860,KRX,Buy,106000.0,"106,000원",13550.0,"13,550 원",91.88,2024-11-06,12847.0,2026-06-09,100400.0,681.50541,up,-14.758309,-5.168522,29.446563,367.906904,134448.0,946.532264,True,2026-05-22,562,,
data\markdown\2024-11-21_equity-research-grindr-inc.md,2024-11-15,2024-11-21,US,Grindr,GRND,NYSE,Buy,24.34,24.34 달러,,,,2024-11-15,14.15,2026-06-09,11.175,-21.024732,down,11.23675,31.590115,70.318028,-0.989395,25.129999,77.597172,True,2025-05-08,174,,
data\markdown\2024-11-21_equity-research-levi-strauss-co.md,2024-11-15,2024-11-21,US,Levi Strauss & Co.,LEVI,NYSE,Buy,26.33,$ 26.33,16.76,$ 16.76,57.1,2024-11-15,15.894165,2026-06-09,23.379999,47.098002,up,4.405541,10.767168,7.462751,33.017393,24.344905,53.168823,False,,,,
data\markdown\2024-11-21_equity-research-funko-inc.md,2024-11-16,2024-11-21,US,Funko Inc.,FNKO,NASDAQ,Buy,16.1,$16.1,10.29,$10.29,57.0,2024-11-18,10.31,2026-06-09,5.135,-50.193986,down,12.997082,31.716774,-58.826385,-68.477208,14.65,42.095044,False,,,,
data\markdown\2024-12-05_equity-research-동성화인텍.md,2024-11-29,2024-12-05,KR,동성화인텍,033500,KRX,Buy,20600.0,"20,600 원",14310.0,"14,310 원",42.0,2024-11-29,14310.0,2026-06-09,17890.0,25.01747,up,6.079665,61.774983,76.450035,72.606569,34300.0,139.692523,True,2025-01-22,54,,
data\markdown\2024-12-05_equity-research-한화엔진.md,2024-11-29,2024-12-05,KR,한화엔진,082740,KRX,Buy,24352.0,"24,352 원",16110.0,"16,110 원",51.16,2024-11-29,16110.0,2026-06-09,52000.0,222.780881,up,16.201117,42.458101,69.770329,161.9491,94400.0,485.971446,True,2025-01-14,46,,
data\markdown\2024-12-05_equity-research-rfhic.md,2024-11-29,2024-12-05,KR,RFHIC,218410,KRX,Buy,17650.0,"17,650 원",12240.0,"12,240 원",44.2,2024-11-29,12240.0,2026-06-09,77600.0,533.986928,up,8.169935,34.232026,34.395425,124.264706,126900.0,936.764706,True,2025-02-04,67,,
data\markdown\2024-12-05_equity-research-jyp-ent-2.md,2024-11-30,2024-12-05,KR,JYP Ent.,035900,KRX,Buy,116604.0,"116,604 원",76400.0,"76,400 원",52.6,2024-12-02,77100.0,2026-06-09,53500.0,-30.609598,down,-9.338521,9.338521,-1.686122,-11.802853,88500.0,14.785992,False,,,,
data\markdown\2025-04-19_equity-research-지엔씨에너지.md,2025-04-11,2025-04-19,KR,지엔씨에너지,119850,KRX,Buy,39610.0,"39,610 원",16950.0,"16,950 원",133.69,2025-04-11,16950.0,2026-06-09,19740.0,16.460177,up,56.932153,110.914454,90.560472,96.755162,46750.0,175.811209,True,2025-10-15,187,,
data\markdown\2025-04-19_equity-research-노머스.md,2025-04-11,2025-04-19,KR,노머스,473980,KRX,Buy,37950.0,"37,950 원",24350.0,"24,350 원",56.0,2025-04-11,24350.0,2026-06-09,12480.0,-48.747433,down,17.864476,37.98768,24.640657,-20.328542,38000.0,56.057495,True,2025-08-21,132,,
data\markdown\2025-04-19_equity-research-한화비전.md,2025-04-11,2025-04-19,KR,한화비전,489790,KRX,Buy,111600.0,"111,600 원",54400.0,"54,400 원",105.0,2025-04-11,55000.0,2026-06-09,66500.0,20.909091,up,14.0,-0.363636,-3.272727,31.818182,97900.0,78.0,False,,,,
data\markdown\2025-04-19_equity-research-cj.md,2025-04-12,2025-04-19,KR,CJ,001040,KRX,Buy,116700.0,"116,700 원",116700.0,"116,700 원",47.0,2025-04-14,116200.0,2026-06-09,179800.0,54.733219,up,12.048193,36.833046,53.442341,76.419966,235000.0,102.237522,True,2025-04-14,0,,
data\markdown\2025-04-19_equity-research-한화에어로스페이스.md,2025-04-12,2025-04-19,KR,한화에어로스페이스,012450,KRX,Buy,1205000.0,"1,205,000원",779000.0,"779,000 원",138.0,2025-04-14,779887.0,2026-06-09,1016000.0,30.275283,up,3.535256,3.348306,40.661404,93.233122,1655000.0,112.21023,True,2026-01-09,270,,
data\markdown\2025-05-11_equity-research-hd현대미포.md,2025-05-02,2025-05-11,KR,HD현대미포,010620,KRX,Buy,250000.0,"250,000 원",171700.0,"171,700 원",46.0,2025-05-02,172100.0,2025-12-12,223000.0,29.575828,up,12.434631,23.184195,38.291691,29.575828,257000.0,49.331784,True,2025-10-27,178,,
data\markdown\2025-05-11_equity-research-펄어비스-2.md,2025-05-02,2025-05-11,KR,펄어비스,263750,KRX,Sell,,,35400.0,"35,400 원",,2025-05-02,35400.0,2026-06-09,38600.0,9.039548,up,8.615819,10.310734,-3.107345,66.384181,77400.0,118.644068,,,,,missing_target_price
data\markdown\2025-05-11_equity-research-토모큐브.md,2025-05-02,2025-05-11,KR,토모큐브,475960,KRX,Buy,64550.0,"64,550원",19420.0,"19,420 원",1344.2,2025-05-02,19420.0,2026-06-09,37600.0,93.61483,up,31.30793,25.901133,110.092688,187.332647,67800.0,249.124614,True,2026-02-23,297,,
data\markdown\2025-05-11_equity-research-한화솔루션-2.md,2025-05-03,2025-05-11,KR,한화솔루션,009830,KRX,Buy,,,30300.0,"30,300 원",201.0,2025-05-07,30450.0,2026-06-09,35550.0,16.748768,up,-1.80624,-1.80624,-0.821018,66.502463,59300.0,94.745484,,,,,missing_target_price
data\markdown\2025-05-11_equity-research-에스앤에스텍.md,2025-05-03,2025-05-11,KR,에스앤에스텍,101490,KRX,Buy,54700.0,"54,700 원",34650.0,"34,650 원",57.86,2025-05-07,34600.0,2026-06-09,62000.0,79.190751,up,-1.878613,44.075145,58.67052,191.040462,108400.0,213.294798,True,2025-08-14,99,,
data\markdown\2025-05-25_equity-research-cellebrite-di.md,2025-05-16,2025-05-25,US,Cellebrite DI,CLBT,NASDAQ,Buy,29.7,$ 29.70,17.27,$ 17.27,71.95,2025-05-16,17.41,2026-06-09,12.81,-26.421594,down,-9.362436,-12.176909,-8.271106,-25.445148,19.98,14.76163,False,,,,
data\markdown\2025-05-25_equity-research-doximity.md,2025-05-16,2025-05-25,US,Doximity,DOCS,NYSE,Buy,75.4,75.40 USD,46.25,46.25 USD,63.0,2025-05-16,52.560001,2026-06-09,20.360001,-61.263318,down,6.392688,20.89041,-3.044144,-63.907917,76.510002,45.566971,True,2025-09-24,131,,
data\markdown\2025-05-25_equity-research-sportradar.md,2025-05-16,2025-05-25,US,Sportradar,SRAD,NYSE,Buy,33.82,33.82달러,,,,2025-05-16,23.98,2026-06-09,16.440001,-31.442866,down,1.459551,30.025025,-4.128439,-47.914929,32.220001,34.361976,False,,,,
data\markdown\2025-05-25_equity-research-tempus-ai-inc.md,2025-05-16,2025-05-25,US,"Tempus AI, Inc.",TEM,NASDAQ,Buy,228.5,$228.5,62.6,$62.6,265.1,2025-05-16,65.489998,2026-06-09,46.599998,-28.844098,down,8.841046,9.314397,8.566195,-32.921054,104.32,59.2915,False,,,,
data\markdown\2025-05-25_equity-research-life360-inc.md,2025-05-17,2025-05-25,US,Life360 Inc,LIF,NASDAQ,Buy,103.4,$ 103.4,58.6,$ 58.6,77.0,2025-05-19,60.369999,2026-06-09,45.889999,-23.985423,down,3.909228,41.510687,21.268843,-36.17691,112.540001,86.417099,True,2025-09-08,112,,
data\markdown\2025-06-10_equity-research-고려신용정보-2.md,2025-05-29,2025-06-10,KR,고려신용정보,049720,KRX,Buy,18600.0,"18,600 원",10400.0,"10,400 원",78.85,2025-05-29,10400.0,2026-06-09,9630.0,-7.403846,down,-1.057692,0.192308,4.134615,-6.826923,11300.0,8.653846,False,,,,
data\markdown\2025-06-10_equity-research-월덱스.md,2025-05-29,2025-06-10,KR,월덱스,101160,KRX,Buy,26250.0,"26,250 원",19010.0,"19,010 원",38.1,2025-05-29,19010.0,2026-06-09,25600.0,34.665965,up,13.887428,17.83272,12.309311,34.928985,35400.0,86.21778,True,2025-07-11,43,,
data\markdown\2025-06-10_equity-research-아이스크림미디.md,2025-05-29,2025-06-10,KR,아이스크림미디어,461300,KRX,Buy,25700.0,"25,700 원",15780.0,"15,780 원",62.86,2025-05-29,15780.0,2026-06-09,16740.0,6.08365,up,27.376426,22.053232,11.596958,4.879594,27550.0,74.588086,True,2025-09-22,116,,
data\markdown\2025-06-10_equity-research-폰드그룹.md,2025-05-29,2025-06-10,KR,폰드그룹,472850,KRX,Buy,16057.0,"16,057 원",8480.0,"8,480 원",89.4,2025-05-29,4771.0,2026-06-09,4370.0,-8.404947,down,37.141061,10.731503,-4.254873,-9.976944,10400.0,117.983651,False,,,,
data\markdown\2025-06-10_equity-research-애니플러스-2.md,2025-05-30,2025-06-10,KR,애니플러스,310200,KRX,Buy,7680.0,"7,680 원",3550.0,"3,550 원",116.0,2025-05-30,3545.0,2026-06-09,2200.0,-37.940762,down,27.926657,31.45275,-5.500705,-37.940762,6430.0,81.382228,False,,,,
data\markdown\2025-10-23_equity-research-마이크로컨텍솔.md,2025-10-17,2025-10-23,KR,마이크로컨텍솔,098120,KRX,Buy,58200.0,"58,200 원",26300.0,"26,300 원",121.0,2025-10-17,26300.0,2026-06-09,28050.0,6.653992,up,-29.467681,-38.51711,31.558935,6.653992,40550.0,54.18251,False,,,,
data\markdown\2025-10-23_equity-research-coreweave.md,2025-10-17,2025-10-23,US,"CoreWeave, Inc.",CRWV,NASDAQ,Buy,,,,,,2025-10-17,136.869995,2026-06-09,96.239998,-29.685102,down,-43.479211,-30.583762,-13.282672,-29.685102,141.789993,3.594651,,,,,missing_target_price
data\markdown\2025-10-23_equity-research-로보티즈.md,2025-10-18,2025-10-23,KR,로보티즈,108490,KRX,Buy,355800.0,"355,800원",192200.0,"192,200 원",236.0,2025-10-20,198000.0,2026-06-09,290000.0,46.464646,up,4.292929,30.050505,37.121212,46.464646,464000.0,134.343434,True,2026-01-30,102,,
data\markdown\2025-10-23_equity-research-하이브-3.md,2025-10-18,2025-10-23,KR,하이브,352820,KRX,Buy,393000.0,"393,000 원",269500.0,"269,500 원",45.9,2025-10-20,275500.0,2026-06-09,206500.0,-25.045372,down,6.896552,22.141561,-2.722323,-25.045372,405500.0,47.186933,True,2026-01-23,95,,
data\markdown\2025-10-23_equity-research-corning-3.md,2025-10-18,2025-10-23,US,Corning,GLW,NYSE,Buy,144.0,144 $,86.24,86.24 $,66.8,2025-10-20,84.70192,2026-06-09,168.514999,98.950626,up,-4.624155,10.836476,95.775789,98.950626,211.465888,149.658909,True,2026-02-23,126,,
data\markdown\2025-11-11_equity-research-한국카본-3.md,2025-10-31,2025-11-11,KR,한국카본,017960,KRX,Buy,64000.0,"64,000 원",36600.0,"36,600 원",74.9,2025-10-31,36600.0,2026-06-09,30500.0,-16.666667,down,-25.409836,-6.147541,37.704918,-16.666667,54100.0,47.814208,False,,,,
data\markdown\2025-11-11_equity-research-코오롱티슈진.md,2025-10-31,2025-11-11,KR,코오롱티슈진,950160,KRX,Buy,121000.0,"121,000원",44800.0,"44,800 원",420.0,2025-10-31,44800.0,2026-06-09,102900.0,129.6875,up,90.625,132.8125,139.732143,129.6875,149000.0,232.589286,True,2026-03-26,146,,
data\markdown\2025-11-11_equity-research-두산.md,2025-11-01,2025-11-11,KR,두산,000150,KRX,Buy,1874000.0,"1,874,000 원",949000.0,"949,000 원",97.0,2025-11-03,1018000.0,2026-06-09,1566000.0,53.831041,up,-18.172888,-16.404715,56.777996,53.831041,2489000.0,144.499018,True,2026-05-06,184,,
data\markdown\2025-11-11_equity-research-풍산-2.md,2025-11-01,2025-11-11,KR,풍산,103140,KRX,Hold,120700.0,"120,700 원",110000.0,"110,000 원",9.7,2025-11-03,116400.0,2026-06-09,69100.0,-40.635739,down,-16.408935,12.714777,-14.776632,-40.635739,159200.0,36.769759,True,2026-01-09,67,,
data\markdown\2025-11-11_equity-research-지투지바이오.md,2025-11-01,2025-11-11,KR,지투지바이오,456160,KRX,Buy,319800.0,"319,800원",55696.0,"55,696 원",585.0,2025-11-03,60532.0,2026-06-09,48350.0,-20.124893,down,37.117558,28.196656,41.412806,-20.124893,124000.0,104.850327,False,,,,
data\markdown\2025-12-01_equity-research-establishment-labs-holdings.md,2025-11-21,2025-12-01,US,Establishment Labs Holdings,ESTA,NASDAQ,Buy,118.76,$118.76,66.05,$66.05,79.8,2025-11-21,68.029999,2026-06-09,77.919998,14.537703,up,9.392914,11.524334,2.954582,14.537703,83.309998,22.460678,False,,,,
data\markdown\2025-12-01_equity-research-imax-corp.md,2025-11-21,2025-12-01,US,IMAX Corporation,IMAX,NYSE,Buy,54.6,$54.6,35.4,$35.4,54.0,2025-11-21,36.040001,2026-06-09,39.59,9.850164,up,3.468368,4.550498,-5.049944,9.850164,43.16,19.755823,False,,,,
data\markdown\2025-12-01_equity-research-sensient-technologies-corp.md,2025-11-21,2025-12-01,US,Sensient Technologies Corp,SXT,NYSE,Buy,238.0,"$ 238,",,,,2025-11-21,94.132828,2026-06-09,117.639999,24.972342,up,1.981654,-3.991594,21.201072,24.972342,128.901327,36.935573,False,,,,
data\markdown\2025-12-01_equity-research-iradimed-corporation.md,2025-11-22,2025-12-01,US,Iradimed Corporation,IRMD,NASDAQ,Buy,146.0,"$ 146,",,,,2025-11-24,89.463951,2026-06-09,94.940002,6.120959,up,8.109775,15.266643,4.142503,6.120959,107.443739,20.097244,False,,,,
data\markdown\2025-12-15_equity-research-예스티-2.md,2025-12-05,2025-12-15,KR,예스티,122640,KRX,Buy,40500.0,"40,500원",,,,2025-12-05,19000.0,2026-06-09,25800.0,35.789474,up,-2.368421,28.947368,33.421053,35.789474,34000.0,78.947368,False,,,,
data\markdown\2025-12-15_equity-research-알지노믹스.md,2025-12-05,2025-12-15,KR,알지노믹스,476830,KRX,Buy,,,,,367.0,2025-12-18,90000.0,2026-06-09,93900.0,4.333333,up,66.666667,67.888889,23.222222,4.333333,245250.0,172.5,,,,,missing_target_price
data\markdown\2025-12-15_equity-research-s-oil-4.md,2025-12-06,2025-12-15,KR,S-Oil,010950,KRX,Buy,128400.0,"128,400 원",80500.0,"80,500 원",59.0,2025-12-08,79700.0,2026-06-09,110900.0,39.146801,up,6.148055,62.735257,43.663739,39.146801,177100.0,122.208281,True,2026-03-03,85,,
data\markdown\2025-12-15_equity-research-파마리서치-2.md,2025-12-06,2025-12-15,KR,파마리서치,214450,KRX,Buy,805000.0,"805,000 원",401500.0,"401,500 원",100.5,2025-12-08,392500.0,2026-06-09,276000.0,-29.681529,down,6.878981,-15.159236,-24.458599,-29.681529,561000.0,42.929936,False,,,,
data\markdown\2025-12-15_equity-research-lumentum-holdings-inc.md,2025-12-06,2025-12-15,US,Lumentum Holdings Inc,LITE,NASDAQ,Buy,498.63,$ 498.63,327.85,$ 327.85,52.09,2025-12-08,342.559998,2026-06-09,805.599976,135.170476,up,4.229913,63.019619,175.887443,135.170476,1085.680054,216.931358,True,2026-02-04,58,,
data\markdown\2026-04-16_equity-research-golar-lng.md,2026-04-10,2026-04-16,US,Golar LNG Limited,GLNG,NASDAQ,Buy,,,,,,2026-04-10,53.01226,2026-06-09,50.25,-5.210607,down,4.542045,-5.210607,-5.210607,-5.210607,57.499598,8.464716,,,,,missing_target_price
data\markdown\2026-04-16_equity-research-세아제강.md,2026-04-11,2026-04-16,KR,세아제강,306200,KRX,Buy,286700.0,"286,700 원",156400.0,"156,400 원",83.0,2026-04-13,153000.0,2026-06-09,137600.0,-10.065359,down,6.601307,-10.065359,-10.065359,-10.065359,189000.0,23.529412,False,,,,
data\markdown\2026-04-16_equity-research-camteck.md,2026-04-11,2026-04-16,US,Camtek Ltd.,CAMT,NASDAQ,Buy,238.67,$ 238.67,176.51,$ 176.51,35.2,2026-04-13,174.929993,2026-06-09,163.595001,-6.47973,down,18.596019,-6.47973,-6.47973,-6.47973,215.990005,23.472254,False,,,,
data\markdown\2026-04-16_equity-research-sk오션플랜트.md,2026-04-15,2026-04-16,KR,SK오션플랜트,100090,KRX,Buy,41600.0,"41,600 원",23300.0,"23,300 원",78.5,2026-04-15,23300.0,2026-06-09,14540.0,-37.596567,down,-17.124464,-37.596567,-37.596567,-37.596567,25250.0,8.369099,False,,,,
data\markdown\2026-05-02_equity-research-나노.md,2026-05-02,2026-05-02,KR,나노,187790,KRX,Buy,16310.0,"16,310 원",6100.0,"6,100 원",167.0,2026-05-04,6360.0,2026-06-09,4955.0,-22.091195,down,-13.522013,-22.091195,-22.091195,-22.091195,7560.0,18.867925,False,,,,
data\markdown\2026-05-07_equity-research-나노.md,2026-05-02,2026-05-07,KR,나노,187790,KRX,Buy,16310.0,"16,310 원",6100.0,"6,100 원",167.0,2026-05-04,6360.0,2026-06-09,4955.0,-22.091195,down,-13.522013,-22.091195,-22.091195,-22.091195,7560.0,18.867925,False,,,,
data\markdown\2026-05-02_equity-research-샘씨엔에스.md,2026-05-02,2026-05-02,KR,샘씨엔에스,252990,KRX,Buy,14260.0,"14,260원",14260.0,"14,260원",,2026-05-04,14130.0,2026-06-09,13560.0,-4.03397,down,-10.332626,-4.03397,-4.03397,-4.03397,15920.0,12.668082,True,2026-05-04,0,,
data\markdown\2026-05-07_equity-research.md,2026-05-02,2026-05-07,KR,샘씨엔에스,252990,KRX,Buy,14260.0,"14,260원",14260.0,"14,260원",,2026-05-04,14130.0,2026-06-09,13560.0,-4.03397,down,-10.332626,-4.03397,-4.03397,-4.03397,15920.0,12.668082,True,2026-05-04,0,,
data\markdown\2026-05-02_equity-research-코스텍시스.md,2026-05-02,2026-05-02,KR,코스텍시스,355150,KRX,Buy,112400.0,"112,400 원",51000.0,"51,000 원",120.4,2026-05-04,51100.0,2026-06-09,33550.0,-34.344423,down,-25.146771,-34.344423,-34.344423,-34.344423,64100.0,25.440313,False,,,,
data\markdown\2026-05-07_equity-research-코스텍시스.md,2026-05-02,2026-05-07,KR,코스텍시스,355150,KRX,Buy,112400.0,"112,400 원",51000.0,"51,000 원",120.4,2026-05-04,51100.0,2026-06-09,33550.0,-34.344423,down,-25.146771,-34.344423,-34.344423,-34.344423,64100.0,25.440313,False,,,,
data\markdown\2026-05-02_equity-research-hd현대마린솔루션.md,2026-05-02,2026-05-02,KR,HD현대마린솔루션,443060,KRX,Buy,393000.0,"393,000 원",263500.0,"263,500 원",48.0,2026-05-04,269500.0,2026-06-09,210000.0,-22.077922,down,-13.543599,-22.077922,-22.077922,-22.077922,280000.0,3.896104,False,,,,
data\markdown\2026-05-07_equity-research-hd현대마린솔루션.md,2026-05-02,2026-05-07,KR,HD현대마린솔루션,443060,KRX,Buy,393000.0,"393,000 원",263500.0,"263,500 원",48.0,2026-05-04,269500.0,2026-06-09,210000.0,-22.077922,down,-13.543599,-22.077922,-22.077922,-22.077922,280000.0,3.896104,False,,,,
data\markdown\2026-05-06_equity-research-덕산네오룩스.md,2026-05-06,2026-05-06,KR,덕산네오룩스,213420,KRX,Buy,91200.0,"91,200 원",51200.0,"51,200 원",73.7,2026-05-06,52500.0,2026-06-09,33300.0,-36.571429,down,-33.904762,-36.571429,-36.571429,-36.571429,53700.0,2.285714,False,,,,
data\markdown\2026-05-07_equity-research-덕산네오룩스.md,2026-05-06,2026-05-07,KR,덕산네오룩스,213420,KRX,Buy,91200.0,"91,200 원",51200.0,"51,200 원",73.7,2026-05-06,52500.0,2026-06-09,33300.0,-36.571429,down,-33.904762,-36.571429,-36.571429,-36.571429,53700.0,2.285714,False,,,,
data\markdown\2026-05-29_equity-research-comfort-systems-usa-inc.md,2026-05-23,2026-05-29,US,Comfort Systems USA Inc,FIX,NYSE,Buy,5326.0,"$ 5,326",1835.0,"$ 1,835",190.0,2026-05-26,1883.560059,2026-06-09,1765.400024,-6.273229,down,-6.273229,-6.273229,-6.273229,-6.273229,1972.680054,4.731466,False,,,,
data\markdown\2026-05-29_equity-research-sterling-infrastructure-inc.md,2026-05-23,2026-05-29,US,"Sterling Infrastructure, Inc.",STRL,NASDAQ,Buy,1500.0,"$ 1,500",,,,2026-05-26,783.530029,2026-06-09,816.284973,4.180432,up,4.180432,4.180432,4.180432,4.180432,1005.679993,28.35245,False,,,,
